recipe_id,name,ingredients,ingredients_raw_str,serving_size,servings,steps,search_terms,meal_type,calories,fat,protein,protein_per_100cal,fat_per_100cal,score_loss,score_gain,score_maintain
478412,P.f. Chang's Mongolian Beef (Gluten Free),"['vegetable oil', 'ginger', 'garlic', 'tamari soy sauce', 'water', 'dark brown sugar', 'vegetable oil', 'flank steak', 'cornstarch', 'green onions']","[""2   teaspoons    vegetable oil"",""1/2  teaspoon    ginger, minced "",""1   tablespoon    garlic, chopped "",""1/2  cup    tamari soy sauce (aka gluten-free soy sauce. DO NOT use regular soy sauce)"",""1/2  cup    water"",""3/4  cup    dark brown sugar"",""  vegetable oil, for frying  (about 1 cup)"",""1   lb    flank steak"",""1/4  cup    cornstarch (verify it has no wheat or wheat flour)"",""2   large    green onions""]",1 (492 g),2,"['Make the sauce by heating 2 tsp of vegetable oil in a medium saucepan over med/low heat.', ""Don't get the oil too hot."", 'Add ginger and garlic to the pan and quickly add the soy sauce and water before the garlic scorches.', 'Dissolve the brown sugar in the sauce, then raise the heat to about medium and boil the sauce for 2-3 minutes or until the sauce thickens.', 'Remove it from the heat.', 'Slice the flank steak against the grain into 1/4"" thick bite-size slices.', 'Tilt the blade of your knife at about a forty five degree angle to the top of the steak so that you get wider cuts.', 'Dip the steak pieces into the cornstarch to apply a very thin dusting to both sides of each piece of beef.', 'Let the beef sit for about 10 minutes so that the cornstarch sticks.', 'As the beef sits, heat up one cup of oil in a wok (you may also use a skillet for this step as long as the beef will be mostly covered with oil).', ""Heat the oil over medium heat until it's nice and hot, but not smoking."", 'Add the beef to the oil and sauté for just two minutes, or until the beef just begins to darken on the edges.', ""You don't need a thorough cooking here since the beef is going to go back on the heat later."", 'Stir the meat around a little so that it cooks evenly.', 'After a couple minutes, use a large slotted spoon to take the meat out and onto paper towels, then pour the oil out of the wok or skillet.', 'Put the pan back over the heat, dump the meat back into it and simmer for one minute.', 'Add the sauce, cook for one minute while stirring, then add all the green onions.', 'Cook for one more minute, then remove the beef and onions with tongs or a slotted spoon to a serving plate.', 'Leave the excess sauce behind in the pan.']","gluten-free, dinner, beef",dinner,1668,98.7,69.3,4.154676442,5.917266004,-23.1,0.2,-3.11
422378,Quinoa Quiche,"['frozen chopped spinach', 'cottage cheese', 'low-fat sour cream', 'eggs', 'egg white', 'mozzarella cheese', 'quinoa', 'sea salt', 'garlic powder']","[""8   ounces    frozen chopped spinach, thawed "",""8   ounces   lowfat plain cottage cheese"",""8   ounces    low-fat sour cream"",""4       eggs"",""1/2  cup    egg white"",""1/2  cup   shredded mozzarella cheese or 1/2  cup   shredded Italian cheese"",""1/2  cup    quinoa (flakes, not the normal grain)"",""1/4  teaspoon    sea salt"",""1/2  teaspoon    garlic powder""]",1 (145 g),8,"['Mix all the ingredients together in a large bowl.', 'Transfer mixture to a pre-oiled lasagna pan.', 'Bake for 50-55 minutes. Let cool 5 minutes before slicing.']",breakfast,breakfast,234,15.3,17.5,7.478632479,6.53846162,-19.42,0.32,-2.49
475986,Southwest Grilled Cheese Sandwich,"['sourdough bread', 'black bean salsa', 'turkey', 'fresh cilantro', 'monterey jack cheese', 'olive oil']","[""2   slices    sourdough bread"",""2   tablespoons    black bean salsa"",""3   slices    turkey"",""1   teaspoon    fresh cilantro"",""1   slice    monterey jack cheese"",""1   tablespoon    olive oil""]",1 (170 g),1,"['HEAT panini grill.', 'FILL bread slices with salsa, turkey, cilantro and cheese.', 'BRUSH outside of sandwich with oil.', 'GRILL 2 to 3 minute or until golden brown.']","sandwich, lunch",lunch,588,32.3,39.4,6.700680532,5.493197149,-19.1,0.34,-2.41
145587,Pumpkin Pancakes,"['eggs', 'half-and-half', 'butter', 'salt', 'sugar', 'all-purpose flour', 'baking powder', 'pumpkin puree', 'nutmeg', 'cinnamon', 'vegetable oil']","[""4       eggs"",""1   cup    half-and-half (or whole milk)"",""2   tablespoons   melted butter"",""1   pinch    salt"",""1/4  cup    sugar"",""1   cup    all-purpose flour"",""2   teaspoons    baking powder"",""1   cup    pumpkin puree"",""1/4  teaspoon   freshly grated nutmeg"",""1/8  teaspoon    cinnamon"",""  vegetable oil or   butter, for the pan ""]",1 (771 g),1,"['Combine all ingredients except vegetable oil in  a blender and process until smooth. Let stand for at least 15 minutes.', 'Heat a nonstick griddle, crepe pan or iron skillet with oil or butter (or nonstick cooking spray) and meat to medium. Spoon 2 to 4 tablespoons batter for each cake  -- the batter is thinner than traditional pancake batter and will spread. Cook until bubbles have formed and burst on the top of the cakes, and center seems set, about 3 minutes. Turn and cook the other side. Repeat until all batter is used.', 'Serve as dessert, as a base for meats, or with butter and syrup.']",breakfast,breakfast,3047,179.3,86.4,2.835576026,5.884476634,-13.67,0.45,-1.2
38418,Pork Scaloppine With Wild Mushrooms,"['chicken broth', 'stone ground dijon mustard', 'tomato paste', 'worcestershire sauce', 'cornstarch', 'margarine', 'mushroom', 'pork scallopini', 'paprika', 'salt %26 freshly ground black pepper', 'light sour cream', 'chives']","[""1/2  cup    chicken broth (i use low fat, low sodium)"",""1   tablespoon    stone ground dijon mustard"",""1   tablespoon    tomato paste"",""2   teaspoons    Worcestershire sauce"",""1 1/2  teaspoons    cornstarch"",""1   tablespoon    margarine, divided  (Becel)"",""1/2  lb    mushroom, sliced  (such as oyster, portobello or button)"",""1/2  lb   thin pork scallopini (should be about 1/4 inch thick)"",""  paprika"",""  salt \u0026 freshly ground black pepper"",""2   tablespoons    light sour cream (i use no fat, same taste)"","" chopped chives (to garnish) or   parsley (to garnish)""]",1 (142 g),2,"['Whisk together chicken broth, mustard, tomato paste, Worcestershire sauce and cornstarch; set aside.', 'In a large nonstick frypan, melt half the margarine over medium high heat.', 'Add mushrooms; cook, stirring frequently, until mushrooms are tender and golden brown, 6 to 8 minutes.', 'Set aside in a bowl.', 'Lightly season both sides of pork with paprika, salt and pepper.', 'Melt remaining margarine in frypan over medium high heat.', 'Add pork and cook, 2 to 3 minutes each side, until just a hint of pink remains inside.', 'Remove from pan and set aside with mushrooms.', 'Stir broth mixture then add to pan, stirring until mixture boils and thickens slightly, 30 to 60 seconds.', 'Remove from heat and stir in sour cream.', 'Return mushrooms and pork to frypan, turning to coat with sauce.', 'Gently heat through if necessary.', 'Serve immediately, sprinkled with chives.']","pork, dinner",dinner,578,23.8,60.4,10.44982725,4.117646927,-12.51,0.52,-0.35
314549,Spiced Tilapia,"['black pepper', 'paprika', 'garlic powder', 'cayenne pepper', 'seafood cocktail sauce', 'aluminum foil']","[""4   teaspoons    black pepper"",""3   teaspoons    paprika"",""2   teaspoons    garlic powder"",""4   teaspoons    cayenne pepper"",""2   teaspoons    seafood cocktail sauce"",""  aluminum foil""]",1 (7 g),2,"['Heat oven at 400 degrees.', 'Take all ingredients (except) Seafood Sauce and coat evenly both sides of the fish until completely covered.', 'Place on foil and fold it until fish is covered.', 'Seal fish in by folding the ends of the foil.', 'Bake. Steam fish for 10 minutes or until white.']","fish, dinner, vegetarian",dinner,436,45.4,1.5,0.344036697,10.41284439,-11.96,0.98,-0.14
270361,Spicy Honey-Kissed Chicken,"['ground cumin', 'sage', 'ground ginger', 'ground pepper', 'salt', 'boneless skinless chicken breast', 'vegetable oil', 'lemon juice', 'honey', 'light soy sauce']","[""1   teaspoon    ground cumin"",""1/2  teaspoon   rubbed or crumbled sage"",""1/2  teaspoon    ground ginger"",""1/2  teaspoon    ground pepper"",""1/2  teaspoon    salt"",""1   lb   about 2 large boneless skinless chicken breast"",""1   tablespoon    vegetable oil"",""3   tablespoons    lemon juice"",""1   tablespoon    honey"",""1   tablespoon    light soy sauce""]",1 (280 g),2,"['In a small dish, combine the dry ingredients. Rub the mixture all over the chicken. Cut into strips about 1/2 inch wide.', 'Heat a large skillet over medium-high heat (you may want non-stick). Add the oil and coat the bottom of the skillet. Cook the chicken until nearly cooked through, 3 to 5 minutes, stirring or turning often.', 'Meanwhile, in a small bowl, whisk together the wet ingredients. Stir into the chicken, increase the heat to high, and cook for 1 to 2 minutes, or until the chicken has just cooked through.']","healthy, dinner, low-carb, chicken",dinner,473,15.7,71.1,15.03171215,3.31923886,-10.79,1.02,-0.06
524006,Crispy Soy Roasted Kale Chips,"['toasted sesame oil', 'low sodium soy sauce', 'kale leaves']","[""1   tablespoon    toasted sesame oil"",""1   tablespoon    low sodium soy sauce"",""8   ounces    kale leaves""]",1 (64 g),4,"['Preheat the oven to 300 degrees F. Line two baking sheets with parchment paper.', 'Whisk the sesame oil and soy sauce together in a large bowl until the mixture looks creamy. Add the kale and toss to coat.', 'Lay about half of the kale out on both baking sheets in a single layer, leaving a little room between leaves. You will need to bake them in batches. Bake in the middle of the oven 6 for 7 minutes, then rotate the sheets and bake until the kale is crispy, another 6 to 7 minutes. Gently transfer it to a platter to cool. Repeat for the remaining kale. Serve once cooled.']","snack, low-calorie, vegetarian, low-carb",snack,59,3.9,2.7,4.576271267,6.610169653,-10.33,1.2,0.31
400313,Shredded Brussels Sprouts &amp; Scallions (Gourmet),"['brussels sprouts', 'unsalted butter', 'scallions', 'fresh lime juice']","[""10   ounces    Brussels sprouts, trimmed  (about 26)"",""2   tablespoons    unsalted butter"",""3       scallions, sliced thin diagonally "",""1   teaspoon    fresh lime juice (to taste)""]",1 (90 g),4,"['Cut sprouts in half and slice thin lengthwise.', 'In a heavy skillet melt butter over moderately high heat until foam subsides and sauté sprouts and scallions, stirring, until tender and lightly browned, about 8 minutes.', 'In a bowl toss vegetables with lime juice and salt and pepper to taste.']","side, vegetarian, lunch",lunch,54,6.1,0.1,0.185185188,11.29629612,-10.1,1.4,0.46
533397,Kansas Caviar,"['black beans', 'cilantro', 'bell pepper', 'lime', 'tomatoes', 'salt', 'chips', 'tabasco sauce', 'white corn', 'corn', 'white onion']","[""2 (8   ounce) cans   black beans"",""1   ounce    cilantro"",""1   large    bell pepper"",""1       lime"",""2 (8   ounce) cans  petite cut tomatoes"",""1   pinch    salt"",""1 (32   ounce) bag  scoop tostitos chips"",""1/2     table spoon Tabasco sauce"",""1 (8   ounce) can   white corn"",""1 (8   ounce) can   corn"",""1/2      white onion""]",1 (238 g),10,"['strain and rinse cans of black beans.', 'strain yellow corn.', 'strain white corn.', 'dice onion.', 'dice bell pepper.', 'chop cilantro.', 'strain cans of petite cut tomatoes.', 'mix all ingredients, squeeze in lime fresh lime juice, salt and tobacco to taste.']",snack,snack,58,0.5,2.9,5.000000164,0.862068966,-9.94,1.44,0.66
358888,"Breakfast Hash Browns, Bacon and Egg Bake","['o%27brien frozen potatoes', 'colby-monterey jack cheese', 'eggs', 'milk', 'seasoning', 'salt', 'hot sauce', 'bacon', 'refrigerated crescent dinner rolls']","[""4   cups    o\u0027brien frozen potatoes (potatoes with peppers and onions)"",""6   ounces   shredded colby-monterey jack cheese"",""6       eggs"",""1/2  cup    milk"",""1   teaspoon   mrs. dash garlic-herb blend seasoning"",""1/2  teaspoon    salt"",""1/2  teaspoon    hot sauce"",""5   slices   precooked bacon, cut into pieces "",""8   ounces    refrigerated crescent dinner rolls""]",1 (144 g),6,"['Spray 11x7 inch glass baking dish with nonstick cooking spray.', 'Spread potatoes evenly in baking dish.', 'Add cheese; stir gently to mix.', 'Beat eggs thoroughly in medium bowl.', 'Add milk, Mrs. Dash seasoning, salt and hot sauce; beat until well blended.', 'Pour over potato-cheese mixture.', 'Top with bacon.', 'Cover; refrigerate at least 8 hours or overnight.', 'When ready to serve, heat oven to 350.', 'Uncover baking dish; bake 30 minutes.', 'Remove baking dish from oven.', 'Seperate crescent dough into 4 rectangles.', 'Carefully place rectangles over hot potato mixture so corners of rectangles meet in center; do not seal seams.', 'Carefully press edges to sides of baking dish.', 'Return to oven; bake an additional 15 to 20 minutes or until potatoes are tender and crust is deep golden brown.', 'Let stand 10 minutes before serving.']",breakfast,breakfast,466,31.9,31.5,6.759656652,6.84549348,-9.33,1.51,0.8
65023,Pan Seared Scallops With Cauliflower and Balsamic Syrup,"['fresh sea scallops', 'cauliflower florets', 'cream', 'extra virgin olive oil', 'butter', 'slivered almonds', 'capers', 'golden raisins', 'parsley', 'balsamic vinegar', 'salt and pepper']","[""4       fresh sea scallops (each 2-3 oz)"",""2   cups    cauliflower florets"",""1/4  cup    cream"",""1   tablespoon    extra virgin olive oil"",""1 1/2  tablespoons    butter"",""2   tablespoons   toasted slivered almonds"",""2   tablespoons    capers"",""2   tablespoons    golden raisins"",""1   tablespoon   chopped parsley"",""1/2  cup    balsamic vinegar (buy the best quality you can)"",""  salt and pepper""]",1 (276 g),2,"['Reduce balsamic vinegar over low heat until it is the consistency of syrup, about 1/4 cup.', 'Keep warm.', 'Cook cauliflower florets for about one minute in boiling salted water, then put on ice to stop the cooking and retain color.', 'Reserve one cup of the florets.', 'Put the other cup into a saucepan, cover it with 1/4 cup of cream and cook for about 8 minutes.', 'Puree in a blender or push through a fine sieve and keep warm.', 'Put 1 tablespoon of olive oil in a small sauté pan, and when heated add the scallops that have been seasoned with salt and pepper.', 'Cook over moderately high heat, high enough to get a nice caramelized sear, on each side for 1-3 minutes, until cooked through.', 'In another small sauté pan, brown 1 1/2 tablespoons butter slightly, then add the cup of florets that were not pureed.', 'Cook for one minute or two browning the cauliflower slightly.', 'Add the toasted, slivered almonds, then the capers, golden raisins and chopped parsley.', 'Season with salt and pepper.', 'In the center of a plate, put half the cauliflower puree.', 'Arrange the cauliflower-caper-raisin mixture on top of the puree as a bed for the scallops.', 'Top with half the scallops, then drizzle the plate with the reduced balsamic vinegar.', 'Repeat with second plate.']",dinner,dinner,305,24.3,4.2,1.377049118,7.967212865,-9.17,1.77,0.89
329606,Pork Fillet With Roasted Crushed Rosemary Potatoes and Balsamic,"['boneless pork filet', 'red potatoes', 'garlic cloves', 'rosemary sprig', 'red onion', 'serrano ham', 'olive oil', 'balsamic vinegar', 'whole grain mustard', 'salt and pepper']","[""1       boneless pork filet, trimmed "",""4   large    red potatoes"",""4       garlic cloves, sliced "",""1   large    rosemary sprig"",""1       red onion"",""10   slices   fine-sliced serrano ham"",""  olive oil"",""2 1/2  tablespoons    balsamic vinegar"",""1   teaspoon    whole grain mustard"",""  salt and pepper""]",1 (440 g),2,"['Preheat oven to 400°F.', 'In a roasting tin, combine a large glug of olive oil, the leaves from the rosemary and the garlic.', 'Cut the potatoes into large chunks and par-boil in salted water for ten minutes, or until slightly soft. Drain and lightly crush to create some rough edges.', 'Brush the pork with a little of the oil mixture from the roasting tin and set aside.', 'Slice the onion into wedges and mix into the oil with the potatoes.', 'Place in the oven for 25 minutes, turning the mixture occasionally.', 'Wrap the pork entirely with 4-5 slices of the ham. Heat a little olive oil in a frying pan and add the pork for 3-4 minutes, turning occasionally, until browned.', 'After the initial 25 minutes has finished, add the pork to the roasting tin and return to the oven for 15 minutes.', 'Lay the remaining ham on top of the tray for a remaining five minutes, until crisp.', 'While the pork is cooking, combine 2.5tbsp olive oil in a jar with the balsamic and mustard. Shake until combined. Season to taste.', 'When everything is cooked, slice the pork and serve with potato and onion mix. Drizzle a little of the dressing over the top.']","pork, dinner",dinner,1396,66.2,66.2,4.742120125,4.742120125,-8.02,1.92,0.97
436866,Tempura Batter 101,"['cold water', 'all-purpose flour', 'salt']","["""",""1   cup    cold water or 1   cup   chilled vodka"",""1   cup    all-purpose flour or 1   cup    rice flour"",""1/4  teaspoon    salt""]",1 (45 g),8,"['Pour water into a large bowl. In another bowl whisk together flour and salt. Sprinkle flour mixture over water then barely whisk the batter. There will be lumps.', 'Strain through a fine mesh sieve.', 'Pour the smooth batter into your iSi Creative Whip.', 'Screw on one iSi soda charger – not the silver cream charger – but a gold soda charger. Shake vigorously about 5 times.', 'Test your batter. It should look like fizzy, soft whipped cream. Dip lightly floured pieces of seafood, veggies – like the green beans in the photo above – or seasonal wild mushrooms immediately or you can let the batter chill in your fridge until you’re ready to fry.', 'To serve, preheat oil to 375°F and fry battered pieces until light golden. Sprinkle with salt while still hot and serve immediately with or without a dipping sauce.', 'Your finished tempura dishes will be light and crisp enough to challenge even a tempura master chef!']","healthy, side, low-fat, snack",snack,109,0.3,3,2.752293578,0.275229369,-7.8,2.08,1
470514,Narraway Chocolate Chip Cookies,"['shortening', 'brown sugar', 'white sugar', 'vanilla', 'eggs', 'all-purpose flour', 'salt', 'baking soda', 'rolled oats', 'chocolate chips']","[""1 3/4  cups    shortening, Fluffo "",""1   cup    brown sugar"",""1   cup    white sugar"",""1   teaspoon    vanilla"",""2       eggs"",""1 1/2  cups    all-purpose flour"",""1   teaspoon    salt"",""1   teaspoon    baking soda"",""3   cups    rolled oats"",""18   ounces    chocolate chips""]",1 (38 g),48,"['Mix the shortening, brown sugar and white sugar together in a large bowl.', 'Combine the vanilla and eggs in a second bowl.', 'Combine the flour, salt and baking soda in a third bowl.', 'Into the first bowl (with shortening etc.), mix, alternately, one-third of the second and third bowls ending with the flour bowl until you have a smooth mixture.', 'Once you have a smooth mixture, add the rolled oats and chocolate chips and mix until you have an even distribution.', 'Bake on cookie sheets at 375F for approximately 7-9 minutes in the top half of the oven (until they are lightly browned).']","cookie, dessert, snack",snack,182,4.4,4.4,2.41758247,2.41758247,-7.37,2.33,1.03
71191,Perfect Picnic Sandwich,"['aubergine', 'red pepper', 'vegetable marrows', 'mild cheese', 'bread', 'dried thyme', 'olive oil', 'fresh ground black pepper']","[""1   medium   firm aubergine, sliced into rounds "",""1       red pepper, sliced into strips  (capsicum)"",""10      baby vegetable marrows, sliced into half inch thick rounds "",""1   slice    mild cheese"",""10   slices    bread, buttered "",""  dried thyme"",""  olive oil"",""  fresh ground black pepper""]",1 (165 g),5,"[""Put the oven on'grill'."", 'Spread the sliced marrows evenly on a baking tray.', 'Cover liberally with dried thyme, pour over some olive oil and sprinkle with pepper.', 'Leave under the grill for a 5 minutes.', 'Check if a few have a light brown colour, then using a spatula stir and turn them around a bit in the tray and return to the oven.', ""Don't let it go soggy, it should only take no more than 5 minutes on each side."", 'When the marrows are done, remove them from the tray onto a plate to cool, and put the aubergines in the same tray.', 'Again, sprinkle on thyme, pepper and olive oil.', 'Leave under the grill, turning once until done, then remove to cool.', 'The peppers goes in the same tray, peppered, thymed and olive oiled, until they are slightly charred, but still red.', 'Remove and cool.', 'To assemble: On a buttered slice of bread, layer marrow, aubergine, pepper and cheese and cover with another layer of bread.', ""**pleasenote I didn't do exact measurements as it relies on discretion, your tastes and the size of the veg."", 'Can be assembled, packed and frozen.', 'Take out on the morning required- will be perfectly fresh and ready to enjoy in an hour or two.']","sandwich, vegetarian, lunch",lunch,688,71.3,4.3,0.625000028,10.36337254,-6.85,2.49,1.09
531230,Banana Boat,"['banana', 'nut butter', 'goji berry', 'pumpkin seeds', 'seeds']","[""1       banana, cut length-wise "",""2   tablespoons    nut butter, of choice "",""1   tablespoon    goji berry"",""1   tablespoon    pumpkin seeds"",""1   tablespoon    seeds (hemp, chia or flax)""]",1 (126 g),1,"['Slice your banana lengthwise.', 'Spread a tbsp of nut butter on each side.', 'Top it with goji berries, pumpkin, hemp, chia and flax seeds.']",breakfast,breakfast,308,24.6,1.5,0.487012987,7.987013111,-6.7,2.62,1.12
334747,Farfalle Salad With Sun-Dried Tomatoes,"['farfalle pasta', 'spring onions', 'sun-dried tomatoes', 'spinach', 'pine nuts', 'fresh oregano', 'olive oil', 'crushed red pepper flakes', 'garlic clove', 'salt and pepper']","[""1   lb    farfalle pasta or 1   lb   spiral pasta"",""3       spring onions"",""2   ounces    sun-dried tomatoes, cut into strips "",""1   lb   english spinach, stalks trimmed and cut into strips "",""4   tablespoons   toasted pine nuts"",""1   tablespoon    fresh oregano, chopped "","""",""1/4  cup    olive oil"",""1/2  teaspoon    crushed red pepper flakes"",""1       garlic clove, crushed "",""  salt and pepper, to taste ""]",1 (92 g),12,"['Cook pasta and rinse in cold water. Transfer to a large salad bowl.', 'Trim spring onions and chop finely. Add to pasta with tomatoes, spinach, pine nuts, oregano.', 'To make dressing: combine oil, red pepper, garlic, salt and pepper in a small, screw-top jar and shake until combined. Pour over salad, toss and serve.']","diabetic, vegetarian, lunch, salad, healthy, lactose-free",lunch,183,9.1,5.5,3.005464481,4.972677804,-6.66,2.72,1.21
523798,Sarah's Spicy Tomato Soup,"['onion', 'garlic', 'green onions', 'beef broth', 'crushed tomatoes', 'salsa', 'cilantro', 'cumin', 'chili powder']","[""1       onion, chopped "",""2   teaspoons    garlic, minced "",""2       green onions, chopped "",""4   cups    beef broth or 4   cups    chicken broth"",""1 (28   ounce) can   crushed tomatoes"",""1 (24   ounce) jar   salsa"",""2   tablespoons    cilantro or 2   tablespoons    cilantro chutney"",""1   teaspoon    cumin"",""1   teaspoon    chili powder (the spice mix for making for chili)""]",1 (431 g),6,"['Combine all ingredients in a large saucepan or stockpot.', 'Simmer on medium low for 30 to 40 minutes, stirring occasionally.', 'Process with an immersion blender for a puree-style tomato soup, or leave as is for a chunky-style soup.', 'Garnish with extra cilantro. Serve and enjoy!']","low-calorie, lunch, vegetarian, healthy, low-carb, mexican, low-fat, soup",lunch,289,5.9,50.4,17.43944689,2.041522524,-6.65,3,1.31
98748,Basically the Best Bruschetta Ever,"['plum tomatoes', 'vidalia onion', 'elephant garlic', 'chives', 'extra virgin olive oil', 'balsamic vinegar', 'basil', 'oregano', 'black pepper']","[""3   lbs    plum tomatoes, quartered,seeded,and minced fairly fine.  (so they stay on the garlic bread really well!)"",""1   medium    vidalia onion, minced very fine "",""3   cloves    elephant garlic or 4   cloves   regular garlic, minced very fine "",""  chives or   garlic sprouts, snipped fine to taste "",""1/4  cup    extra virgin olive oil"",""1   cup    balsamic vinegar, to taste  (as we like it quite tart)"",""4   tablespoons    basil, to taste "",""2   tablespoons    oregano"",""  black pepper""]",1 (90 g),20,"['combine all ingredients above and refrigerate for several hours, check for taste and season accordingly.', '(If you find it to vinegary for your taste simply add some sugar and olive oil).', 'Serve on garlic bread with some parm cheese (the fresh, block kind you grate your self) or bake on the bread with a little feta or assagio cheese for a change of pace.', 'Enjoy.']","low-calorie, lunch, low-sodium, low-carb",lunch,64,3.3,1.6,2.500000037,5.156249925,-5.85,3.03,1.33
232607,Delicious Cinnamon Rolls (Abm),"['milk', 'egg', 'butter', 'bread flour', 'sugar', 'salt', 'active dry yeast', 'butter', 'sugar', 'ground cinnamon', 'ground nutmeg', 'nuts', 'powdered sugar', 'milk', 'vanilla']","["""",""1   cup    milk"",""1   large    egg"",""4   tablespoons    butter or 4   tablespoons    margarine"",""3 1/3  cups    bread flour"",""3   tablespoons    sugar"",""1/2  teaspoon    salt"",""1 1/2  teaspoons    bread machine yeast or 1 1/2  teaspoons    fast rising yeast"","""",""1/4  cup    butter, melted "",""1/4  cup    sugar"",""2   teaspoons    ground cinnamon"",""1/2  teaspoon    ground nutmeg"",""1/3  cup    nuts, lightly toasted, chopped "","""",""1   cup    powdered sugar"",""1 -2   tablespoon    milk"",""1/2  teaspoon    vanilla""]",1 (111 g),8,"['Add the ingredients to bread machine as recommended by manufacturer. Program for the bread cycle. When cycle is done, place dough on floured surface. Knead dough about 1 minute, then let rest for 15 minutes.', 'Roll dough into a rectangle, about 15x10-inches. Spread 1/4 cup melted butter over dough to within 1 inch of edges. Then sprinkle 1/4 cup sugar, the cinnamon, nutmeg, and chopped nuts evenly over dough. Roll dough up tightly on long side. Press edges to seal and form into a 12-inch long, evenly shaped roll. With a knife or 8-inch long piece of dental floss, cut roll into 1-inch pieces.', 'Place rolls cut side down into a greased 13x9 inch baking pan. Cover and let rise in warm, draft free place until doubled in size, about 30 to 45 minutes.', 'Bake in preheated 375°F oven for 20 to 25 minutes or until golden brown. Cool in pan on rack for 10 to 15 minutes. While the rolls are cooling, make the icing by combining powdered sugar with 1 to 2 tablespoons milk and 1/2 teaspoons vanilla. Blend until smooth. If too thin, add more powdered sugar, too thin, add more milk, until desired consistency is reached.', 'Cut apart and remove from pan.']","breakfast, bread",breakfast,705,17.4,16.6,2.354609983,2.468085052,-5.6,3.22,1.45
210237,An Oatmeal Poached Egg,"['oatmeal', 'water', 'egg', 'butter', 'all purpose greek seasoning']","[""1/4  cup    oatmeal"",""1/2  cup    water or 1/2  cup    milk"",""1       egg"",""  butter, to taste "",""  all purpose Greek seasoning, to taste ""]",1 (188 g),1,"['mix the oatmeal and the water in a microwave safe bowl.', ""microwave on high for just over a minute (I'm sorry, I only have a dial on my micorwave)."", 'stir.', 'hollow out a hole in the center of the oatmeal.', 'gently break the egg into the hole.', 'microwave on high for about a minute, depending on how you like your yolk.', 'add butter and seasoning to taste.']","breakfast, low-calorie, low-sodium, low-carb",breakfast,1179,100.1,27.9,2.366412181,8.490245842,-5.55,3.28,1.48
302047,Quinoa Egg Veggie Stir Fry for One,"['egg', 'egg whites', 'vegetables', 'spinach leaves', 'low-fat cheese', 'quinoa', 'edamame']","[""1       egg"",""2       egg whites"",""1/2  cup    vegetables (chopped, pick and choose your favorites from broccoli, red or orange bell peppers, tomatoes and aspa)"",""1   cup    spinach leaves"",""1/4  cup    low-fat cheese (low fat shredded)"",""1/2  cup    quinoa (cooked)"",""1/4  cup    edamame (optional, can buy frozen)""]",1 (328 g),1,"['Boil water and add quinoa (see directions on package for exact amounts of each) and cook for about 15 minutes on low/medium with the lid on or until the quinoa has absorbed all the water.', 'Crack the egg and egg white into bowl, mix and add a little water.', 'Heat pan around medium and grease with “Pam” spray or olive oil and add minced garlic.', 'Put in spinach leaves and heat until almost “wilted”. Add the frozen soy peas and after a few minutes add the chopped vegetables and heat until they become tender and soften up.', 'Add the beaten eggs, cooked quinoa and cheese and mix together until egg is fully cooked.', 'Top with salsa, fresh sliced tomatoes or organic ketchup.']","breakfast, vegetarian",breakfast,737,34.8,63.4,8.602442541,4.721845215,-5.55,3.36,1.65
155061,Indulgent Herb-Scrambled Eggs,"['unsalted butter', 'feta cheese', 'eggs', 'english muffins', 'roasted sweet peppers', 'half-and-half', 'fresh rosemary', 'fresh thyme leaves', 'salt', 'black pepper', 'unsalted butter', 'rosemary', 'thyme']","["""",""3   tablespoons    unsalted butter, room temperature "",""3   ounces    feta cheese, room temperature "","""",""5       eggs"",""3       English muffins, split and toasted "",""6   slices    roasted sweet peppers, cut into 3 inch triangles "",""1/2  cup    half-and-half"",""1   tablespoon   chopped fresh rosemary or 1   teaspoon    dried rosemary"",""1   tablespoon    fresh thyme leaves or 1   teaspoon    dried thyme"",""1   teaspoon    salt"",""1/4  teaspoon    black pepper"",""5   tablespoons    unsalted butter"",""  rosemary (to garnish)"",""  thyme (to garnish)""]",1 (126 g),6,"['In a small mixing bowl, cream together butter and feta until smooth.  Set aside.  If making ahead, refrigerate overnight in an airtight container.  Bring to room temperature before beginning the eggs.', ""In a large mixing bowl, whisk together the eggs, half and half, rosemary, thyme, salt and pepper.  Melt butter in a large skillet over medium flame.  Once the butter starts to bubble, add egg mixture.  Using a rubber scraper, move the eggs around the pan for a smooth consistency.  If you'll be serving eggs later, remove the pan from the heat while the eggs are still slightly runny.  Cover and set aside."", 'Arrange the English muffin halves on a baking sheet and top with roasted peppers. Preheat broiler.  Spoon the eggs over the red peppers.  Divide the butter and cheese mixture among the six servings. Broil until golden brown, about three minutes.', ""Note:  Roasted peppers are available in many supermarkets.  To make your own, place whole peppers over gas burner or under the broiler.  Rotate pepper until entire skin is blackened and blistered.  Put into zippered plastic bag to cool.  Peel off black skins, then core and seed.  By keeping the peppers whole during this process, you'll retain the wonderful juices.""]",breakfast,breakfast,455,31.1,19,4.175824176,6.835164919,-5.41,3.46,1.68
336347,Diet Chocolate Banana Smoothie,"['skim milk', 'sugar-free instant chocolate fudge pudding mix', 'banana', 'sugar substitute', 'ice cubes', 'malt drink powder']","[""1   cup    skim milk or 1   cup    soymilk"",""4   teaspoons    sugar-free instant chocolate fudge pudding mix"",""1/2     ripe banana, frozen "",""2 (1   g) packets   sugar substitute (saccharin, aspartame or sucralose)"",""6 -8       ice cubes"",""1   tablespoon    malt drink powder""]",1 (456 g),1,['Combine ingredients in blender. Process until smooth.'],"breakfast, diabetic, diet",breakfast,1074,14.3,9.2,0.856610783,1.331471154,-5.31,3.51,1.74
118506,Oatmeal Apple Cranberry Scones,"['unbleached flour', 'quick oats', 'sugar', 'baking powder', 'salt', 'baking soda', 'cinnamon', 'unsweetened applesauce', 'butter', 'cranberries', 'apple', 'skim milk', 'honey', 'honey']","[""2   cups    unbleached flour"",""1   cup    quick oats"",""1/3  cup    sugar"",""2   teaspoons    baking powder"",""1/2  teaspoon    salt"",""1/2  teaspoon    baking soda"",""1/2  teaspoon    cinnamon"",""3/4  cup    unsweetened applesauce, divided "",""2   tablespoons    butter"",""1/2  cup   coarsely chopped cranberries"",""1/2  cup   peeled chopped apple"",""1/4  cup    skim milk"",""1/4  cup    honey, plus "",""2   teaspoons    honey, divided ""]",1 (897 g),1,"['Combine first seven ingredients (flour through cinnamon) in large bowl.', 'Add ½ cups applesauce and butter; cut in with pastry blender until mixture resembles coarse crumbs.', 'Stir in cranberries and apple.', 'In small bowl combine milk and ¼ cups honey; add to flour mixture and stir until dough forms ball.', 'Knead dough 10-12 times on floured surface; pat into 8-inch circle and place on sprayed baking sheet.', 'Use sharp knife to cut dough into 12 wedges, and separate wedges slightly.', 'Combine remaining applesauce and honey, and brush over top of dough.', 'Bake 12-15 minutes at 425 degrees, or until lightly browned; remove from baking sheet and cool on wire rack.']","healthy, breakfast, bread",breakfast,3619,48.3,92.2,2.547665017,1.334622803,-5.13,3.59,1.82
268059,BLT Fried Egg-And-Cheese Sandwich,"['bacon', 'monterey jack cheese', 'white bread', 'mayonnaise', 'tomatoes', 'butter lettuce', 'unsalted butter', 'egg']","[""4   slices   thick bacon"",""2   slices    monterey jack cheese"",""2   slices   rustic white bread, thick slices, toasted and hot "",""1   tablespoon    mayonnaise"",""4   slices    tomatoes"",""2   leaves    butter lettuce"",""1   teaspoon    unsalted butter"",""1   large    egg""]",1 (288 g),1,"['In a skillet, cook the bacon over moderate heat, turning, until crisp, about 8 minutes. Transfer to paper towels to drain.', 'Set the Monterey Jack slices on 1 piece of toast. Spread the mayonnaise on the other slice of toast, then top with the bacon, tomato and lettuce.', 'In a small, nonstick skillet, melt the butter. Add the egg and fry over moderate heat, turning once, until crisp around the edge, about 4 minutes; the yolk should still be runny. Slide the egg onto the lettuce; close the sandwich and eat right away.']","french, sandwich, lunch",lunch,1518,107.9,92.3,6.080369107,7.108036991,-5,3.71,1.86
123207,Hot Ham and Cheese Wraps,"['flour tortillas', 'cooked ham', 'american cheese']","[""6 (8   inch)    flour tortillas"",""1   lb    cooked ham, shaved "",""6   slices    American cheese""]",1 (145 g),6,"['Warm tortillas as directed on package.', 'Top each warm tortilla evenly with ham and 1 cheese slive.', 'Roll up each tortilla; wrap each in microwave-safe plastic wrap.', 'Microwave each roll on HIGH for 30-40 seconds or until warm.']",lunch,lunch,448,19.2,29.1,6.495535799,4.285714456,-4.68,3.8,2.04
68176,Nicoise Sandwich,"['red bell peppers', 'italian bread', 'extra virgin olive oil', 'red wine vinegar', 'dried basil', 'garlic', 'anchovy fillets', 'hard-boiled eggs', 'tomatoes', 'tuna packed in oil', 'kalamata olives', 'fresh parsley', 'fresh ground pepper']","[""2   large    red bell peppers"",""1   loaf    Italian bread or 1   loaf    French bread, 8 inch round  (about 1 lb)"",""1/3  cup    extra virgin olive oil"",""2   tablespoons    red wine vinegar"",""1   teaspoon    dried basil, crumbled "",""2   cloves    garlic, minced "",""6       anchovy fillets"",""4       hard-boiled eggs, sliced thin "",""2   medium    tomatoes, sliced "",""1 (6 1/2  ounce) can  best-quality tuna packed in oil, drained and broken up into chunks  (Italian)"",""10       kalamata olives, halved and pitted "",""1/4  cup   minced fresh parsley"",""  fresh ground pepper""]",1 (241 g),6,"['Char bell peppers over gas flame or in broiler until blackened on all sides.', 'Wrap in paper or plastic bag and let stand 10 minutes to steam and soften.', 'Peel and seed.', 'Cut bread in half horizontally.', 'Remove centers of each half, leaving a 1 inch thick bread shell all around.', 'Combine oil, vinegar, basil and garlic in a small bowl.', 'Brush inside of bread shell with this mixture.', 'Layer anchovies, bell pepper, eggs, tomatoes, tuna, olives and parsley on bottom half.', 'Season generously with pepper.', 'Cover with top half of bread and press gently.', 'Wrap tightly in foil.', 'Cover with a tray or cutting board and place 3, 5 lb weights (various large cans) and refrigerate atleast 30 minutes.', '(can be prepared up to 6 hours ahead \x96 this is great picnic fare).', 'Cut into 6 wedges.', 'Pierce each with a long toothpick and serve.']","sandwich, lunch",lunch,329,22.4,16.4,4.984802316,6.808510522,-4.56,4.14,2.2
515933,"Apricot, Choc Chip &amp; Chia Seed Mookies!","['rolled oats', 'baking powder', 'flour', 'brown sugar', 'eggs', 'vanilla', 'golden syrup', 'dark chocolate', 'dried apricot', 'chia seeds', 'water']","[""1 1/2  cups    rolled oats"",""1   teaspoon    baking powder"",""1/2  cup    flour"",""1/2  cup    brown sugar"",""2       eggs"",""1   teaspoon    vanilla"",""2   tablespoons    golden syrup"",""1/2  cup    dark chocolate, chunks  or 1/2  cup    dark chocolate chips"",""1/2  cup   chopped dried apricot"","""",""2   tablespoons    chia seeds, mixed with "",""1/2  cup    water, and refrigerate until gel like ""]",1 (58 g),12,"['In a medium bowl, mix together oats, baking powder, flour -Preheat oven.', 'Slightly warm the golden syrup, add vanila.', 'Mix eggs in a smaller bowl, add golden syrup, vanilla and brown sugar. Mix well.', 'Stir in Chia seed gel mix to wet mixture.', 'Slowly combine with dry ingredients.', 'Stir in choc chips and apricots.', 'Spoon onto greased or baking paper lined oven tray.', 'Fan bake for 15-18mins at 180 degrees or until they bounce back when pressed.']","dessert, snack",snack,272,6.7,8.9,3.272058683,2.463235224,-4.54,4.27,2.33
440311,Halloween Chex Mix,"['white chocolate', 'corn chex', 'pretzel twists', 'raisins', 'candy corn', 'candy sprinkles']","[""8   ounces    white chocolate, baking bars coarsely chopped "",""4   cups    Corn Chex or 4   cups   rice Chex cereal"",""2   cups   bite sized pretzel twists"",""1/2  cup    raisins"",""1   cup    candy corn"",""1/4  cup    candy sprinkles""]",1 (23 g),18,"['In large microwavable bowl, microwave chopped baking bars uncovered on High 1 1/2 to 2 1/2 minutes, stirring every 30 seconds, until melted and smooth.', 'Gently stir in cereal, pretzels and raisins until evenly coated.  Stir in candy corn and decors.', 'Spread on waxed paper or foil until cooled and chocolate is set.  Break into chunks.  Store loosely covered.']",snack,snack,169,4.2,2.7,1.597633164,2.485206988,-4.32,4.36,2.33
466600,A B &amp; J Thumbprints,"['flax seeds', 'almond milk', 'brown sugar', 'agave nectar', 'stevia powder', 'shortening', 'almond butter', 'vanilla', 'almond extract', 'ground almonds', 'brown rice flour', 'rice flour', 'glutinous-rice flour', 'starch', 'guar gum', 'nutmeg', 'baking soda', 'salt', 'jam']","[""3   tablespoons   ground flax seeds"",""1/2  cup   warmed almond milk"",""2/3  cup   firmly packed brown sugar"",""2   tablespoons    agave nectar (or honey if not vegan)"",""1/2  teaspoon    stevia powder"",""2/3  cup    shortening"",""2/3  cup    almond butter"",""1/2  tablespoon    vanilla"",""1/2  teaspoon    almond extract"",""1/3  cup    ground almonds"",""1   cup    brown rice flour"",""1/2  cup    rice flour"",""1/2  cup    glutinous-rice flour"",""1   tablespoon   tapoica starch"",""1/2  teaspoon    guar gum"",""1/4  teaspoon    nutmeg"",""1   teaspoon    baking soda"",""3/4  teaspoon    salt"",""1/2  cup    jam""]",1 (25 g),40,"['Heat oven to 375°F.', 'In a small dish, whisk together flaxseed and almond milk. Set aside.', 'In a large bowl, cream together brown sugar, agave, stevia, shortening and almond butter.', 'Add flax mixture and the extracts, beating well.', 'Whisk together ground almonds, flours, starch, guar gum, nutmeg, baking soda and salt.', 'Add to the creamed mixture and stir in well.', 'Shape into small balls and place on an ungreased cookie sheet.', 'Press your thumb or fingertip into the centre of each cookie and fill with jam.', 'Bake (one sheet at a time) 10 minutes, then cool 10-15minutes on the sheets before carefully transferring to a cooling rack.']","vegetarian, dessert, vegan, gluten-free, snack",snack,114,4.9,2.8,2.456140309,4.298245698,-4.08,4.46,2.39
144298,Grape-Tini,"['vodka', 'white grape juice']","[""1 1/2  ounces    vodka (I use Absolut)"",""1 1/2  ounces    white grape juice""]",1 (99 g),1,"['Shake vodka and grape juice over ice and pour into glass.', 'Garnish with frozen grape.']","low-sodium, healthy, gluten-free, low-fat, dinner, lactose-free",dinner,320,12,10,3.125,3.75,-4.04,4.59,2.39
433481,Grilled Roasted Pepper Ham &amp; Cheese Sandwiches,"['bread', 'butter', 'lean ham', 'roasted red pepper', 'monterey jack cheese']","[""4   slices   whole-grain bread"",""4   teaspoons   softened butter, divided "",""4      thin slices lean ham (4 ounces)"",""1       roasted red pepper, patted dry and thinly sliced  (from a jar)"",""3   ounces    monterey jack cheese or 3   ounces    cheddar cheese, sliced ""]",1 (104 g),2,"['Spread butter on bread. Divide ham, peppers and cheese between 2 slices bread.', 'Heat a large nonstick skillet over medium-low heat. Place sandwiches, buttered sides down, in skillet. Cook 5 minutes on each side or until golden brown.']","sandwich, lunch",lunch,705,34,58.5,8.29787234,4.822695035,-3.63,4.67,2.49
501613,&quot; Sweet Cinnamon Bread &quot;,"['cooking spray', 'flour', 'baking soda', 'baking powder', 'cinnamon', 'brown sugar', 'eggs', 'vegetable oil', 'vanilla extract', 'milk']","[""  cooking spray"",""2 1/2  cups    flour"",""1   teaspoon    baking soda"",""1/2  teaspoon    baking powder"",""3   teaspoons    cinnamon"",""2   cups    brown sugar"",""3       eggs"",""1/2  cup    vegetable oil"",""2   teaspoons    vanilla extract"",""1/2  cup    milk""]",1 (144 g),6,"['* Breadmaker Directions *.', 'Add all dry ingredients to a bowl and sift together. Add all liquid ingredients and mix together. Spray bread pan with cooking spray. Add liquid ingredients to bread pan and then add dry ingredients. ( If adding another ingredient such as a fruit or vegetable, add after the dry ingredients). Set breadmaker to quick loaf.', '* Conventional Oven *', 'Preheat oven to 350 degrees.', 'Add all dry ingredients to a mixing bowl and sift together.', 'Add all liquid ingredients to another mixing bowl and mix.', 'Add dry ingredients to liquid ingredients and mix well.', 'Spray a 8 X 5 loaf pan with cooking spray.', 'Add bread mixture to pan and cook for 50 minutes or until an inserted toothpick comes out clean.', '* ( If adding another ingredient such as a fruit or vegetable, add with liquid ingredients ) *.']","dessert, bread, snack",snack,946,27.2,17.2,1.818181899,2.875264351,-3.15,4.97,2.71
503784,Blackberry Bourbon Fizz,"['blackberries', 'ice cubes', 'bourbon', 'ginger ale', 'club soda']","[""5       blackberries"",""5       ice cubes"",""1   fluid ounce    Bourbon"",""3/4  cup   cold ginger ale (none of that high fructose corn syrup or aspartame)"",""1/4  cup   cold club soda""]",1 (377 g),1,"['Place blackberries in the bottom of a tall glass and mash them around with a spoon. Keep some big chunks because it looks cool.', 'Add the ice and then the bourbon, ginger ale, and club soda.', 'I like adding club soda because it keeps it tasting refreshing and can save some cash. You can just add more ginger ale if you choose to forgo the club soda.', 'Garnish with fresh basil if you like.']",dinner,dinner,155,2.2,5.8,3.741935607,1.419354869,-2.99,5.17,2.78
338850,Mock Eggs Benedict,"['eggs', 'english muffins', 'yellow mustard', 'horseradish', 'honey', 'dill weed']","[""4       eggs"",""2       English muffins"",""4   tablespoons    yellow mustard"",""2   tablespoons    horseradish"",""2   tablespoons    honey"",""1   teaspoon    dill weed""]",1 (223 g),2,"['Mix Mustard, horseradish, honey and dill.  Set aside.', 'Bring 3 inches of water to boil in deep skillet.', 'crack eggs into small bowls.', 'halve and put muffins in toaster and toast.', 'Turn off heat for saucepan,.', 'Let eggs slip into water, cover and ""cook"" until desired done-ness, or muffins are toasted.', 'Place eggs on Muffins and top with sauce.']","healthy, breakfast",breakfast,602,25.2,35.4,5.880398925,4.186046638,-2.79,5.49,2.79
212509,Blue Cheese Clubs,"['cream cheese', 'blue cheese', 'mayonnaise', 'dried onion flakes', 'salt', 'pepper', 'worcestershire sauce', 'white bread', 'tomatoes', 'deli turkey', 'swiss cheese', 'whole wheat bread', 'bacon', 'lettuce leaves']","[""1 (3   ounce) package   cream cheese, softened "",""1/2  cup   crumbled blue cheese"",""4   tablespoons    mayonnaise, divided "",""1   teaspoon    dried onion flakes"",""1   dash    salt"",""1   dash    pepper"",""1   dash    Worcestershire sauce"",""8   slices    white bread, toasted "",""8   slices    tomatoes"",""8   slices    deli turkey"",""4   slices    swiss cheese"",""4   slices    whole wheat bread, toasted "",""8   slices    bacon, strips cooked "",""4       lettuce leaves""]",1 (281 g),4,"['In small mixing bowl, beat cream cheese.', 'Add blue cheese, 1 T mayonnaise, onion, salt, pepper and Worcestershire sauce; beat until combined.', 'Spread over four slices of white bread; layer with tomato, turkey, Swiss cheese, wheat bread, bacon and lettuce.', 'Spread remaining mayonnaise over remaining white bread; place over lettuce.', 'Secure with toothpicks; cut into triangles.']",lunch,lunch,1113,69.9,67.2,6.037735575,6.280323587,-2.75,6.29,2.81
294838,Cool Jazz and Hot to Trot South American Chimichurri Steak!,"['flat leaf parsley', 'garlic cloves', 'red wine vinegar', 'lime%2c juice of', 'oregano leaves', 'ground cumin', 'smoked paprika', 'extra virgin olive oil', 'red chili pepper', 'rib eye steaks', 'oil', 'watercress', 'potato', 'ground cumin']","["""",""1   bunch    flat leaf parsley, leaves only "",""3       garlic cloves, peeled "",""3   tablespoons    red wine vinegar"",""1/2      lime, juice of, only "",""3   tablespoons   chopped oregano leaves"",""1   teaspoon    ground cumin"",""1   teaspoon    smoked paprika"",""120   ml    extra virgin olive oil"",""1       red chili pepper, halved and seeded "","""",""1 (200   g)    rib eye steaks"",""1   tablespoon    oil"","""",""1   bunch    watercress"","" cooked potato, sauted with "",""  ground cumin""]",1 (804 g),1,"['For the chimichurri relish: in a food processor, blend together all of the ingredients for the chimichurri relish to a coarse paste. Season with salt and pepper to taste.', 'For the steak: brush the steak with oil, and season well with salt and pepper. Heat a griddle pan until smoking and cook the steak for 2-3 minutes on each side (for medium rare), or until cooked to your liking. Set aside the steak to rest for at least 5 minutes before serving.', 'Serve with the chimichurri relish, watercress and cumin spiced sautéed potatoes.', 'Cook’s note Chimichurri sauce tastes best when fresh, so use on the same day it is made. Alternatively, it can be stored in an airtight container in the fridge for up to a week.']","brazilian, chilean, french, american, dinner",dinner,2030,154.5,48.6,2.394088595,7.610837438,-2.53,6.37,2.83
285664,Honey Pepper Vodka Steak,"['honey', 'soy sauce', 'oyster sauce', 'vodka', 'black pepper', 'dried pasilla peppers', 'steak', 'onion']","[""1/4  cup    honey"",""1/4  cup    soy sauce (or bragg liquid aminos)"",""1/16  cup    oyster sauce"",""1/4  cup    vodka"",""1   tablespoon    black pepper"",""2   tablespoons    dried pasilla peppers"",""1 -2   lb    steak"",""1/2  cup    onion""]",1 (376 g),2,"[""Mix all fluids and peppers to create Mo's Marinade mixture (TM)."", 'Place steak into a marinating pan.', 'Poke steak through each side with a fork, chopsticks or bang with tenderizing hammer until it is tender.', 'Flip and repeat.', 'Poor marinade over steaks.', 'Thinly slice onion and place on steak.', 'With your hands, crush the onions such that the  juice from the onions is released into the steak and marindate.', 'Prepare steak as desired, via grill, oven or any other method.', 'Brown onions as garnish.']","dinner, lactose-free",dinner,290,9.9,17.1,5.896551856,3.413792972,-1.89,6.55,2.9
109211,Low Carb Salmon Patties,"['pink salmon', 'eggs', 'onion', 'low-carb bread', 'lemon pepper seasoning']","[""1 (16   ounce) can   pink salmon or 1 (16   ounce) can   red salmon"",""2       eggs, lightly beaten "",""1/4  cup    onion, chopped "",""1/2  slice    low-carb bread"",""2   teaspoons    lemon pepper seasoning, approximately ""]",1 (149 g),4,"['Pick through salmon taking out bones and skin; break up chunks with fork.', 'Beat eggs with fork; add to salmon.', 'Put half slice of low carb bread in food processor and pulse until crumbly.', 'Add bread and onion to salmon-egg mixture.', 'Mix lightly.', 'Spray frypan with vegetable spray (Pam).', 'Make 4 patties and place in frypan.', 'Sprinkle liberally with lemon pepper seasoning (very important ingredient for flavor).', 'Fry patties lightly, flip and fry other side, approximately 10-15 minutes total.']","low-carb, lunch",lunch,146,8.9,12,8.219178082,6.09589015,-1.35,6.67,3
12368,Quesadillas With Pico De Gallo,"['flour tortillas', 'grilled chicken breasts', 'monterey jack cheese', 'refried beans', 'diced tomato', 'onion', 'jalapeno pepper', 'fresh cilantro', 'lime%2c juice of', 'garlic clove', 'salt and pepper']","[""4   large    flour tortillas"",""4       grilled chicken breasts, sliced into strips "",""2   cups    monterey jack cheese"",""1   cup    refried beans"",""1/2  cup    diced tomato"",""1/2     diced onion"",""1       jalapeno pepper, seeded and diced "",""1   tablespoon    fresh cilantro, chopped "",""1       lime, juice of"",""1       garlic clove, minced "",""  salt and pepper""]",1 (245 g),4,"['First assemble the pico de gallo, combine the diced tomatoes, jalapeño pepper, diced onions, cilantro, garlic and the lime juice.', 'Mix the pico de gallo.  Add salt until it tastes the way you like it and then place in fridge.', 'Heat a large flat skillet on medium.  After it gets hot, place several drops of vegetable oil in the skillet and wipe the entire surface of the pan.', 'The pan will be coated with a sheen of oil.', 'Place one tortilla into pan, sprinkle 1/2 cup of cheese over top of tortilla and add the chicken (if using refried beans add these now too).', 'When cheese begins to melt fold over the tortilla and allow it to heat for 1 minute more.', 'Place on plate and slice into triangles.', 'Repeat steps for each tortilla.', 'Serve with pico de gallo, sour cream or guacamole.']","appetizer, mexican, lunch",lunch,1186,53.8,79,6.661045531,4.536256259,-1.25,6.75,3.01
82846,Decadent Chocolate/Pb/Granola/Coconut Bars!,"['butter', 'graham crackers', 'sweetened condensed milk', 'peanut butter', 'granola cereal', 'raisins', 'semi-sweet chocolate chips', 'sweetened flaked coconut']","[""1/2  cup    butter or 1/2  cup    margarine"",""12       graham crackers, crumbled  (2 cups)"",""1 (14   ounce) can   sweetened condensed milk"",""1/2  cup    peanut butter"",""3/4  cup    granola cereal"",""1/2  cup    raisins"",""12   ounces    semi-sweet chocolate chips (2 cups)"",""1 1/2  cups    sweetened flaked coconut""]",1 (57 g),24,"['Preheat oven to 350 Put butter in 13 X 9 inch baking pan and put in oven until butter melts.', 'Add the crumbled graham craker crumbs to butter and spread evenly, pressing mixture down.', 'In a bowl, combine sweetened condensed milk and peanut butter and pour mixture over graham cracker crumbs.', 'Next Sprinkle on granola, then rasins, then chocolate chips.', 'Cover with coconut flakes and press firmly down on mixture.', 'Bake 25-30 minutes.', 'until lightly golden brown.', 'Cool completely and cut into bars.', 'Store in refrigerator in well sealed container.']","breakfast, dessert",breakfast,270,14.7,13.9,5.148148007,5.444444374,-1.14,6.87,3.02
40133,Top Secret Recipes Tony Roma's Maple Sweet Potatoes by Todd Wilb,"['garnet yam', 'butter', 'yellow onion', 'pecans', 'maple syrup', 'cinnamon']","[""1   large    garnet yam"",""1   tablespoon    butter"",""1/4      yellow onion, chopped  (about 1/2 cup)"",""3   tablespoons   finely chopped pecans"",""3   tablespoons    maple syrup"",""1/4  teaspoon    cinnamon""]",1 (138 g),1,"['Bake yam for 40-45 minutes at 400.', '(This will leave the yam baked nearly all the way through, but firm enough to slice when cool).', 'Remove yam from oven and allow to cool enough so that you can handle it.', 'When cool, remove skin and slice into 1-inch bite-size pieces.', 'Melt 1 TBSP of butter in large skillet.', 'Add chopped onion and pecans.', 'Saute for a couple of minutes until onions pieces begin to turn brown.', 'Add yam slices, maple syrup, and cinnamon and saute for 3-5 minutes, stirring often, or until yam pieces are hot and tender.']","low-sodium, vegetarian, dessert, side, dinner",dinner,549,44.6,4.6,0.83788705,8.123861289,-1.07,7.05,3.26
182306,Spectacular Midori Cake,"['yellow cake mix', 'instant pistachio pudding mix', 'eggs', 'plain yogurt', 'vegetable oil', 'midori melon liqueur', 'coconut flavoring', 'frosting', 'powdered sugar', 'midori melon liqueur', 'cream cheese', 'butter', 'coconut flavoring']","[""1 (18 1/4  ounce) box   yellow cake mix"",""1 (3 1/2  ounce) package   instant pistachio pudding mix"",""4       eggs"",""1/2  cup    plain yogurt"",""1/2  cup    vegetable oil"",""3/4  cup    Midori melon liqueur"",""1/2  teaspoon    coconut flavoring"",""  frosting"",""2   cups    powdered sugar"",""1/4  cup    Midori melon liqueur"",""1/4  cup    cream cheese"",""2   tablespoons    butter"",""1/2  teaspoon    coconut flavoring""]",1 (1275 g),1,"['Preheat oven to 350 degrees F.', 'In bowl, combine all ingredients except frosting; beat 4 minutes. Pour into well-greased Bundt pan. Bake 35 to 45 minutes. Remove from oven and cool in pan about 15 minutes. Remove from pan, prepare frosting and frost cake while still warm. Cool completely before serving.', 'Frosting.', 'In bowl, mix and beat all ingredients together at high speed until smooth and spreadable. Frost cake while still warm.']","vegetarian, dessert, dinner, cake, southern",dinner,4039,209.2,67.9,1.681109223,5.179499801,-0.87,7.35,3.28
508178,Grilled Apricot Blues,"['sourdough bread', 'butter', 'apricot preserves', 'spinach leaves', 'dried apricot', 'blue cheese']","[""8   slices    sourdough bread"",""2   tablespoons    butter, softened "",""1/4      apricot preserves or 1/4      jam"",""1   cup    spinach leaves"",""3/4  cup    dried apricot"",""4   ounces   crumbled blue cheese""]",1 (195 g),4,"['Brush one side of each bread slice with butter. Spread apricot preserves on 4 of the slices.', 'Top with spinach, dried apricots and blue cheese. Cover with remaining 4 slices of bread.', 'Grill 3-4 minutes until golden brown and cheese is melted.']",lunch,lunch,355,15.4,14.2,3.999999946,4.338028062,-0.87,7.4,3.33
440700,Pizza Bites,"['plain flour', 'plain flour', 'dried yeast', 'caster sugar', 'water', 'olive oil', 'cooking spray', 'basil', 'garlic cloves', 'passata']","[""120   g    plain flour (wholemeal 3/4 cup)"",""115   g    plain flour (3/4 cup)"",""7   g    dried yeast"",""1   teaspoon    caster sugar"",""185   ml    water (lukewarm 3/4 cup)"",""1   teaspoon    olive oil"",""  cooking spray"",""2/3  cup    basil (finely chopped or parsley or mix of both)"",""2       garlic cloves (large finely chopped)"",""2   tablespoons    passata (tomato)""]",1 (17 g),32,"['Put the flours, yeast and sugar in a medium bowl and stir well to combine and then add the lukewarm water and oil and using a flat bladed knife mix until the dough starts to come together.', 'Turn out dough onto a lightly floured surface and knead for about 10 minutes or until the dough is smooth and elastic.', 'Spray a medium bowl with cooking spray and add the dough and cover with a layer of plastic wrap and a clean, dry tea towel and set aside in a warm, draught free place for 45 minutes.', 'Line 2 baking trays with baking paper.', 'Combine the herbs and garlic in a small bowl.', 'Turn dough onto a lightly floured surface and knead until smooth.', 'Divide dough into 32 equal portions and roll out each to 8cm long oval shape and place on the trays.', 'Spread 16 dough pieces with the tomato passata and sprinkle 1 teaspoon of the herb mixture over all of the dough pieces and then spray with cooking spray.', 'Bake for 10-12 minutes until dough is crispy and golden.', 'Serve warm.']","diabetic, low-sodium, healthy, appetizer, pizza, low-fat, snack",snack,39,0.3,1.2,3.076923199,0.7692308,-0.72,7.6,3.42
164532,Black Bean and Raspberry Salsa Dip,"['black beans', 'red onion', 'cream cheese', 'raspberry salsa', 'monterey jack cheese']","[""1 (15   ounce) can   black beans, drained "",""1       red onion, chopped "",""1 (8   ounce) package   cream cheese, sliced thin "",""1 (20   ounce) jar   raspberry salsa"",""8   ounces    monterey jack cheese, shredded ""]",1 (885 g),1,"['Layer in pie pan in order listed.', 'Bake at 350 F for 30 minutes or til bubbly.']","appetizer, dinner",dinner,1466,109.2,73.2,4.993178509,7.448840174,-0.21,7.71,3.49
451657,Purple Dinosaur (Smoothie),"['1%25 low-fat milk', 'vanilla yogurt', 'frozen grape juice concentrate']","[""1   cup    1% low-fat milk (or whichever kind of milk you prefer)"",""1   cup    vanilla yogurt, nonfat is great "",""1/4  cup    frozen grape juice concentrate""]",1 (558 g),1,['Blend all ingredients until smooth.'],"low-calorie, low-sodium, vegetarian, healthy, low-carb, low-fat, breakfast",breakfast,838,8.2,7.9,0.942720775,0.978520264,-0.12,7.75,3.62
113622,"Creamy, Yummy, Hummus, Hummos, Hummous - However U Spell It!","['chickpeas', 'garlic cloves', 'olive oil', 'tahini', 'plain yogurt', 'fresh lemon juice', 'salt', 'salt', 'pepper']","[""1 (15   ounce) can   chickpeas, drained "",""2       garlic cloves, minced "",""1/3-1/2  cup    olive oil"",""3   tablespoons    tahini (sesame paste)"",""2 -3   tablespoons    plain yogurt"",""3   tablespoons    fresh lemon juice"",""1/2  teaspoon    salt"","" more salt (to taste depends on your taste buds)"",""  pepper""]",1 (156 g),3,"['If you have the patience, peel the ""skins"" off all the chickpeas, but this step is optional. Peeling helps with the creaminess.', 'Boil chickpeas for 10 minutes (skim off the scummy stuff that forms as it boils).', 'Drain but reserve about 1/2 cup of the boiling liquid in a separate cup.', 'In a food processor or blender, add all the other ingredients (except the reserved boiling liquid) and the chickpeas and blend till smooth. If you find it is difficult to blend or too thick pour in some of that reserved boiling liquid -- just little at a time until you get the right smooth consistency.', 'Garnish with a good serving of extra virgin olive oil, and chopped tomatoes, onions, and a little paprika.', 'It is even better the next day!']","appetizer, vegetarian, lunch",lunch,393,20.7,16.8,4.274808966,5.267175767,-0.07,7.84,3.79
293689,Apple &amp; Mango Curried Chicken Salad,"['boneless skinless chicken breast', 'low-fat yogurt', 'low-fat mayonnaise', 'salsa', 'lime juice', 'curry powder', 'mango', 'apple', 'celery', 'fresh mozzarella cheese', 'cilantro', 'greens']","[""1/2  lb    boneless skinless chicken breast"",""6   tablespoons    low-fat yogurt (1/4 cup plus 2 tbsp)"",""2   tablespoons    low-fat mayonnaise"",""2   tablespoons    salsa"",""1   tablespoon    lime juice, freshly squeezed "",""1   teaspoon    curry powder"",""1       mango, ripe  (substitute mandarin orange slices, if desired)"",""1       apple, a small Fiji apple  (if you would like more tang, use a less-sweet apple such as Granny Smith)"",""1   stalk    celery, medium sized "",""4   ounces    fresh mozzarella cheese"",""6 -8   sprigs    cilantro"",""1   cup    greens (field greens, about two small handfuls)""]",1 (287 g),2,"['Cook the chicken breast in an oven preheated to 350 degrees for 20-30 minutes (until no longer pink in the center).', 'As the chicken is baking, combine the yogurt, mayonnaise, salsa, lime juice and curry powder in a medium bowl.  Stir to combine.', 'Peel and de-seed the mango then chop into half-inch chunks (I haven’t tried this salad with mandarin orange slices, but I think they would make a nice substitution if mango is unavailable).', 'Remove the apple’s core and chop into one-inch chunks.  Chop the celery into 1/4-1/2 inch chunks.  Cut the fresh mozzarella into one-inch chunks.', 'Add the mango, apple, celery and mozzarella to the bowl.  Toss to combine.', 'Finely chop the cilantro.  Add the cilantro and field greens to the bowl and stir to combine.', 'Shred the cooked chicken after it has cooled (cutting the chicken into small cubes would work as well, but shredded chicken adds a nice texture to the dish). Add to the bowl and toss.', 'Serves four as a small dish or serves two as a large dish.']","indian, chicken, dinner, salad",dinner,527,25.2,56.3,10.68311181,4.781783826,-0.05,7.98,3.79
134097,Rock 'n' Roll Smoothies,"['banana', 'frozen unsweetened strawberries', 'strawberry yogurt', 'milk']","[""1   small   ripe banana"",""2   cups    frozen unsweetened strawberries"",""1 (8   ounce) carton   strawberry yogurt or 1 (8   ounce) carton   low-fat vanilla yogurt"",""3/4  cup    milk""]",1 (238 g),3,"['Remove the peel from the banana.  Using a table knife, cut banana into chunks.', 'Put banana chunks, frozen strawberries, yogurt, and milk into a blender container.', 'Cover blender with lid and blend on high speed until mixture is smooth.  Turn off blender.  Pour drink into glasses.  Use rubber scraper to get all of the drink out of the blender.', 'Serve with a slice of toast and your favorite cereal.']","low-calorie, low-sodium, vegetarian, healthy, low-fat, breakfast",breakfast,122,2.6,3.6,2.950819594,2.131147463,0.13,8.46,3.82
433379,"Sugar Free, Oatmeal Squares","['oatmeal', 'spelt flour', 'flax seed', 'pumpkin seeds', 'butter', 'maple extract', 'agave nectar', 'water']","[""1 3/4  cups    oatmeal"",""1   cup    spelt flour"",""1/2  cup    flax seed, ground "",""1/4  cup    pumpkin seeds (or ground nuts or dried fruit of your choice)"",""1/4  cup    butter, melted "",""1/2  teaspoon    maple extract (Mapeline for Canadians, or Vanilla extract)"",""1/2  cup    agave nectar"",""1/2  cup    water (or milk)""]",1 (36 g),12,"['In large bowl mix dry ingredients.', 'thoroughly mix melted butter into dry ingredients.', 'in measuring cup (or small bowl) mix wet ingredients', 'thoroughly mix with dry', 'spread into 8\'X8"" baking pan and bake at 375 F for approx 20 minutes.', 'cut into squares, cool and enjoy.']","sugar-free, snack",snack,284,7.1,8.4,2.957746345,2.499999966,0.17,8.59,3.87
446334,Ham and Gruyere Mini Turnovers,"['gruyere cheese', 'cooked ham', 'half-and-half', 'dried sage', 'ground pepper', 'puff pastry sheets', 'egg', 'dijon mustard']","[""1   cup   finely shredded gruyere cheese (3 oz)"",""4   ounces   diced cooked ham"",""3   tablespoons    half-and-half or 3   tablespoons    light cream"",""1 1/2  teaspoons    dried sage, crumbled "",""1   pinch    ground pepper"",""1 (17 1/3  ounce) package  frozen puff pastry sheets, thawed "",""1   large    egg, lightly beaten "","" whole-grain Dijon mustard""]",1 (808 g),1,"['Heat oven to 400 degrees F.', 'For filling - in a medium bowl, stir together cheese, ham, half-and-half, sage and pepper.', 'On a lightly floured surface, roll out 1 pastry sheet to a 12-inch square; cut into 9 squares.  Working with one square at a time, brush edges with egg and place 1 tbsp filling in center.  Fold together opposite corners of square, forming a triangle, and pres together edges to seal decorate with tines of fork.', 'Transfer turnover to an ungreased baking sheet, brush with egg and prick top once with fork.   Repeat with remaining pastry sheet, filling and egg.', 'Bake 5 minutes.  Reduce temperature to 375 degrees F.  Bake until turnovers are puffed and golden brown, about 15 minutes more.', 'Serve warm with mustard (if using).']","appetizer, pork, dinner",dinner,1530,106.5,124.3,8.124183206,6.960784314,0.2,8.61,3.93
321684,Sugar-Free Cinnamon Raisin Muffins,"['light margarine', 'unsweetened applesauce', 'egg whites', 'plain fat-free yogurt', 'splenda granular', 'quick oats', 'millet', 'brown rice flour', 'vanilla extract', 'baking soda', 'baking powder', 'ground cinnamon', 'raisins']","[""4   tablespoons    light margarine, melted "",""1   cup    unsweetened applesauce"",""2       egg whites"",""4   ounces    plain fat-free yogurt, plain "",""1/4  cup    Splenda granular, sugar substitute  or 1/4  cup    honey"",""1 3/4  cups   dry quick oats"",""1/3  cup    millet"",""1/2  cup    brown rice flour"",""1   tablespoon    vanilla extract"",""1   teaspoon    baking soda"",""1   teaspoon    baking powder"",""1   tablespoon    ground cinnamon"",""3/4  cup    raisins""]",1 (70 g),12,"['Mix the first five ingredients.', 'Add dry ingredients and raisins.', 'Mix well.', 'Bake at 350 degrees for about 15 minutes or until toothpick pulls out clean.']","breakfast, diabetic, bread, sugar-free",breakfast,253,2.8,9.8,3.873517862,1.106719349,0.28,8.63,3.93
451710,Cheesecake Eggs - Lemon Cheesecake and Apricot,"['cheesecake', 'apricot']","[""  cheesecake, Lemon "",""  apricot""]",1 (0 g),1,"['Make a lemon cheesecake recipe and either set in small round pans or low and flat - then cookie cutter out rounds.', 'Soak dried apricots in water (or a lovely spirit).', 'Put an apricot in the center of each cheesecake round so it looks like and egg.']","low-calorie, low-sodium, dessert, low-carb, breakfast",breakfast,450,33.4,26.4,5.866666582,7.422222561,0.42,8.7,4.05
159192,Perfect Pea Salad,"['butter', 'mayonnaise', 'peas', 'hard-boiled eggs', 'salt', 'ground black pepper']","[""1   tablespoon    butter"",""1/2  cup    mayonnaise, I use Kraft Light "",""15   ounces    peas, drained "",""3       hard-boiled eggs, finely chopped "",""1/4  teaspoon    salt"",""1/8  teaspoon    ground black pepper""]",1 (147 g),3,"['In a small saucepan melt the butter over medium low heat.', 'Add the mayonnaise and peas and toss quickly to coat.', 'Remove from heat.', 'Transfer to a medium sized bowl and add all remaining ingredients.', 'Mix until well combined.', 'Cover and chill for at least 2 hours.']","lunch, salad",lunch,463,45.1,13.5,2.915766739,9.740820405,0.44,8.74,4.14
852,Hot Fruit Casserole,"['peaches', 'pineapple chunks', 'queen anne cherries', 'butter', 'brown sugar', 'cornstarch', 'curry powder']","[""1 (29   ounce) can   peaches, sliced, drained "",""1 (20   ounce) can   pineapple chunks, drained "",""1 (1   lb) can   queen anne cherries, drained "",""3/8  cup    butter"",""3/4  cup    brown sugar"",""2   tablespoons    cornstarch"",""1/4  teaspoon    curry powder""]",1 (2110 g),1,"['Drain each piece of fruit on a paper towel.', 'Using a 1 1/2 quart casserole  arrange fruit in layers.', 'Cream butter, sugar, cornstarch, and  curry powder.', 'Cover each layer with creamed mixture. Cook uncovered about 1 hour.']","low-calorie, low-sodium, dessert, casserole, dinner",dinner,1444,73.7,3.2,0.221606652,5.103877905,0.45,9.17,4.17
490835,Raspberry Cornmeal Muffins,"['all-purpose flour', 'yellow cornmeal', 'sugar', 'baking powder', 'salt', 'low-fat buttermilk', 'apricot nectar', 'grapeseed oil', 'vanilla extract', 'orange zest', 'egg whites', 'frozen raspberries']","[""1 1/2  cups    all-purpose flour"",""2 1/2  cups    yellow cornmeal"",""1 1/2  cups    sugar"",""1   tablespoon    baking powder"",""3/4  teaspoon    salt"",""2   cups    low-fat buttermilk"",""1/2  cup    apricot nectar"",""3   tablespoons    grapeseed oil"",""2   teaspoons    vanilla extract"",""1   teaspoon    orange zest"",""4   large    egg whites"",""2   cups    frozen raspberries""]",1 (175 g),12,"['1.Preheat the oven to 375 degrees F. Line a 12-cup muffin pan with paper liners or 6-inch squares of parchment paper and mist with cooking spray. (Use parchment paper if you want a more domed muffin; the batter will cling to the paper as it rises.)', '2. Whisk the flour, cornmeal, 3/4 cup sugar, the baking powder and salt in a medium bowl. In another bowl, whisk the buttermilk, apricot nectar, grapeseed oil, vanilla extract and orange zest until combined.', '3. Beat the egg whites and remaining 3/4 cup sugar in a large bowl with a mixer on medium-high speed until stiff peaks form, about 8 minutes. Whisk the buttermilk mixture into the dry ingredients until just moistened. Gently fold in the egg-white mixture until almost combined, then fold in the raspberries; do not overmix.', '4. Divide the batter among the prepared cups (an ice cream scoop works well). Bake until a toothpick inserted into a muffin comes out clean, 30 to 35 minutes. Remove the muffins from the pan and cool on a rack.']","healthy, low-fat, bread, snack",snack,512,6.3,15.6,3.046875075,1.230468787,0.48,9.4,4.38
444476,Inside out Carrot Cakes,"['unsalted butter', 'all-purpose flour', 'baking soda', 'salt', 'cinnamon', 'ground ginger', 'ground cloves', 'nutmeg', 'ground black pepper', 'vegetable oil', 'brown sugar', 'egg', 'sour cream', 'vanilla', 'carrots', 'unsweetened dried shredded coconut', 'cream cheese', 'powdered sugar', 'heavy cream']","[""3   tablespoons    unsalted butter, softened, plus more for cookie sheets "",""3/4  cup    all-purpose flour"",""1/2  teaspoon    baking soda"",""1/4  teaspoon    salt"",""1/2  teaspoon    cinnamon"",""1   teaspoon    ground ginger"",""1   pinch    ground cloves"",""1/8  teaspoon    nutmeg"",""1/8  teaspoon    ground black pepper"",""6   tablespoons    vegetable oil"",""1/2  cup    brown sugar"",""1   large    egg"",""1/4  cup    sour cream"",""3/4  teaspoon    vanilla, divided "",""1 1/2  medium    carrots, peeled and shredded very finely  (to yield 1 cup)"",""1/4  cup    unsweetened dried shredded coconut"",""5   ounces    cream cheese, softened "",""2/3  cup    powdered sugar"",""1   teaspoon    heavy cream or 1   teaspoon    milk""]",1 (65 g),10,"['Preheat oven to 350°. Put a dab of butter in each corner of 2 large baking sheets and line with parchment.', 'In a medium bowl, whisk together flour, baking soda, salt, and spices. In a large bowl, whisk together oil, brown sugar, egg, sour cream, and 1/4 teaspoons vanilla; stir in dry ingredients with a wooden spoon until well combined. Add carrots and coconut, stirring until just combined.', '.Drop 1-tbsp. circles of batter onto baking sheets about 1 inches apart. Bake until cooked through and browned slightly, 14 to 18 minutes. Cool on baking sheets.', 'Using a stand mixer or hand mixer, beat cream cheese until very soft. Add butter and beat until smooth and well blended. Add powdered sugar a third at a time, beating until smooth after each addition. Beat in cream and remaining 1/2 teaspoons vanilla.', '5. Flip cakes over and spread about 1 1/2 tablespoons frosting on half of them. Top each with a remaining cake, flat side down, to sandwich the frosting.', 'ENJOY!']","cake, dessert, snack",snack,384,21,5.3,1.380208383,5.46875,0.6,9.4,4.38
249908,Scrambled Eggs - James Bond,"['eggs', 'salt and pepper', 'butter']","[""12      fresh eggs"",""  salt and pepper"",""5 -6   ounces   of fresh butter""]",1 (185 g),4,"['Break the eggs into a bowl. Beat thoroughly with a fork and season well. In a small copper (or heavy bottomed saucepan) melt four oz. of the butter.', 'When melted, pour in the eggs and cook over a very low heat, whisking continuously with a small egg whisk.', 'While the eggs are slightly more moist than you would wish for eating, remove the pan from heat, add rest of butter and continue whisking for half a minute, adding the while finely chopped chives or fines herbes.', 'Serve on hot buttered toast in individual copper dishes (for appearance only) with pink champagne (Taittinger) and low music.']","breakfast, low-calorie, low-sodium, low-carb",breakfast,1369,134.3,40.4,2.951059279,9.810080574,0.62,9.4,4.46
165043,Family Secret Recipe Dough Ver 2.0,"['bread flour', 'water', 'active dry yeast', 'warm water', 'salt', 'mixed herbs', 'bread flour', 'extra virgin olive oil', 'coarse salt']","["""",""1   cup    bread flour"",""1   cup    water (60 F)"",""1 1/4  teaspoons    active dry yeast"","""",""1 1/4  cups    warm water (80-90 F)"",""2   teaspoons    salt"",""1   tablespoon   dry italian seasoning mixed herbs"",""3   cups    bread flour (start with 2 1/2 cups and add if necessary)"",""1   tablespoon    extra virgin olive oil (for brushing top of dough)"",""  coarse salt""]",1 (1082 g),1,"['Stir biga to deflate. Add warm water, salt, herb mix, and enough flour so that dough pulls away from bowl when stirred. Knead 10 minutes on a floured surface (5 minutes in a machine) until smooth.', 'Place dough in lightly floured bowl and dust dough with flour. Cover with plastic wrap. Let rise until doubled (about 1 to 2 hours) in a warm place. Cut risen dough in half. Gently shape each piece into a ball and dust with flour. Cover with plastic and let rest for 30 minutes.', ""Place a ball of dough on floured surface and gently shape by flattening and stretching into a round. Don't overwork or it will lose its rise. Lay stretched-out dough on a floured peel and gently poke with fingers to dimple the dough surface. Drizzle with extra-virgin olive oil and sprinkle with coarse salt. Bake in preheated 450° F oven directly on the pizza stone for 15-20 minutes or until golden brown. (Take a peek at 5 minutes and pop/deflate any bubbles that may have formed.) Remove and place on a wire rack."", 'Cut in wedges and serve warm or at room temperature with dipping plates of extra-virgin olive oil (3 Tbsp.) and balsamic vinegar (1 tsp.).']",dinner,dinner,3619,26.8,117.7,3.252279551,0.740536039,0.65,9.65,4.48
56044,Cranberry Orange Smoothie,"['cranberry juice cocktail', 'low-fat vanilla yogurt', 'oranges', 'bananas', 'pumpkin pie spice', 'ice']","[""2   cups    cranberry juice cocktail"",""1 (16   ounce) container   low-fat vanilla yogurt"",""2       oranges, peeled seeded and chopped "",""2       bananas, peeled and chopped "",""1/8  teaspoon    pumpkin pie spice, divided "",""2   cups    ice (or more)""]",1 (419 g),4,"['In a blender combine 1 cup of the cranberry juice, 1 cup yogurt, 1 orange, one banana and 1/2 of the pumpkin pie spice.', 'Pulse to smooth, and add ice if you wish-puree to smooth.', 'Pour into two glasses and repeat with the remaining ingredients.']","low-calorie, low-sodium, healthy, low-fat, breakfast",breakfast,140,0.2,1,0.714285714,0.142857145,0.66,10.54,4.51
477680,Snack Mix (Ww),"['whole almond', 'sunflower seeds', 'honey', 'kosher salt', 'vanilla', 'dried tart cherry', 'dried apricot', 'sesame seeds']","[""1   cup    whole almond"",""1/2  cup    sunflower seeds, shelled "",""1   tablespoon    honey"",""1/2  teaspoon    kosher salt"",""1/2  teaspoon    vanilla"",""1/4  cup    dried tart cherry, chopped "",""1/2  cup    dried apricot, cut into thirds "",""1   tablespoon    sesame seeds""]",1 (22 g),16,"['Preheat oven to 350 degrees F.', 'Combine almonds and sunflower seeds in bowl and spray with Pam; toss and spray again.', 'Stir in honey,salt and vanilla.', 'Spread mixture in a single layer on a cookie sheet. Bake for 12-15 minutes or until nuts are golden brown and shiny, stirring once during baking. Let cool and then transfer to a bowl.', 'Stir in fruit and sesame seeds.', 'Store in airtight container for up to one week.']",snack,snack,96,7.5,3.3,3.43749995,7.8125,1.01,11.12,4.63
487401,Cinnamon Fruit Crunch,"['cinnamon roll dough', 'frozen fruit', 'powdered sugar', 'granola cereal', 'almonds', 'icing', 'almond extract', 'water']","[""12      rhodes frozen cinnamon roll dough, thawed "",""12   ounces    frozen fruit, thawed \u0026 drained "",""1/2  cup    powdered sugar"",""1/2  cup    granola cereal"",""1   tablespoon    almonds, sliced "",""  icing (packets included with cinnamon rolls)"",""1/2  teaspoon    almond extract"",""1   tablespoon    water""]",1 (2506 g),1,"['Thaw cinnamon rolls (about 2 hours at room temperature). Cut each thawed roll into 4 pieces. Arrange pieces in a sprayed 9x13-inch pan. Gently press pieces together to form a crust. Toss drained fruit with 1/2 cup powdered sugar and spoon over crust. Top with granola and almonds. Cover with sprayed plastic wrap. Let rise 2 hours. Remove plastic wrap. Bake at 350°F 25 minutes or until center is done. If necessary, cover with foil the last 10 minutes. For almond frosting, combine icing packets with almond extract and water. Drizzle over cinnamon fruit crunch while still warm.']","dessert, dinner",dinner,4344,48.4,68.9,1.586095799,1.114180514,1.02,11.15,4.66
390215,Lemon Dill Chicken Loaves,"['butter', 'salt', 'dill weed', 'black pepper', 'fresh garlic', 'boneless chicken breasts', 'sour cream', 'cream cheese', 'dill weed', 'salt', 'lemon juice', 'french rolls', 'lettuce leaves', 'tomatoes']","[""2   tablespoons    butter or 2   tablespoons    margarine"",""1/4  teaspoon    salt"",""1/4  teaspoon    dill weed"",""1   pinch    black pepper"",""1/4  teaspoon    fresh garlic, minced "",""2       boneless chicken breasts, skinned and halved "",""2/3  cup    sour cream"",""4   ounces    cream cheese, softened "",""1/2  teaspoon    dill weed"",""1/4  teaspoon    salt"",""1   tablespoon    lemon juice"",""4       French rolls or 4       hoagie rolls, split "",""4       lettuce leaves"",""8       tomatoes, slices ""]",1 (460 g),4,"['in 10"" skillet melt butter until sizzling; stir in salt, dill weed, pepper and garlic.  add chicken breasts.  cover over med-high heat turning occasionally until chicken is browned and fork tender.', 'meanwhile, in small bowl stir together remaining ingredients except rolls, lettuce and tomato slices.', 'to assemble each sandwich, spread about 1 tablespoon cream cheese mixture over bottom half of roll.  top with 1 lettuce leaf, 2 tomato slices and sauted chicken breast.', 'spoon about 1 tablespoon cream cheese mixture over chicken; top with remaining bun.']","lunch, low-calorie, low-carb, chicken",lunch,425,26.9,23.9,5.623529322,6.329411675,1.04,11.86,4.68
443989,The Caffeinated Banana Smoothie,"['banana', 'strong coffee', 'milk', 'peanut butter', 'agave syrup', 'ice']","[""1      very ripe banana"",""1/2  cup    strong coffee"",""1/2  cup    milk"",""1   tablespoon    peanut butter"",""1   tablespoon    agave syrup"",""1   cup    ice""]",1 (305 g),2,['Put all in a blender and blend until smooth.'],breakfast,breakfast,148,5.9,4.4,2.972973037,3.986486551,1.11,11.94,4.88
504258,Portobello Mushroom Soup (Slow Cooker),"['extra virgin olive oil', 'baby portabella mushrooms', 'onion', 'garlic clove', 'beef broth', 'dry sherry', 'tomato paste', 'fresh thyme', 'worcestershire sauce', 'salt', 'white pepper', 'evaporated milk', 'all-purpose flour']","[""2   tablespoons    extra virgin olive oil"",""1   lb    baby portabella mushrooms, coarsely chopped "",""1   medium    onion, chopped "",""1       garlic clove, minced "",""2 (14   ounce) cans   beef broth"",""1/4  cup    dry sherry"",""1   tablespoon    tomato paste"",""1   tablespoon    fresh thyme, chopped "",""1   tablespoon    Worcestershire sauce"",""1/2  teaspoon    salt"",""1/2  teaspoon    white pepper"",""1 (12   ounce) can   evaporated milk"",""2   tablespoons    all-purpose flour""]",1 (460 g),4,"['Heat olive oil in a large skillet over medium-high heat; add mushrooms, onion and garlic.  Saute 3 to 5 minutes or till vegetables are tender.', 'Transfer vegetable mixture to a 6-quart slow cooker and add broth and next 6 ingredients (sherry through white pepper).', 'Cover and cook on LOW for 4 hours.', 'Whisk together evaporated milk and flour; stir into soup.', 'Cover and cook on LOW for 30 more minutes.']","lunch, low-calorie, low-carb, soup",lunch,193,9.2,7.8,4.041450876,4.766839279,1.13,11.96,5.19
163403,Farfalle With Creamy Mushroom Gorgonzola Sauce,"['unsalted butter', 'all-purpose flour', 'gorgonzola', 'whole milk', 'salt %26 freshly ground black pepper', 'crushed red pepper flakes', 'extra virgin olive oil', 'mushroom', 'frozen peas', 'farfalle pasta', 'fresh chives']","[""2   tablespoons    unsalted butter"",""3   tablespoons    all-purpose flour"",""5   ounces   creamy gorgonzola, cubed "",""2 1/2  cups    whole milk"",""  salt \u0026 freshly ground black pepper, to taste "",""  crushed red pepper flakes, to taste "",""3   tablespoons    extra virgin olive oil"",""1   lb   assorted mushroom, chopped "",""3/4      frozen peas, thawed "",""16   ounces    farfalle pasta (Barilla)"",""2   tablespoons   chopped fresh chives""]",1 (305 g),4,"['Melt butter in a 2 qt saucepan over medium heat.', 'When the butter starts to sizzle, add the flour and whisk until smooth, about 2 minutes.', 'Gradually whisk in the milk.', 'Bring the sauce to a simmer.', 'Simmer for 2 minutes, whisking constantly.', 'Remove from the heat.', 'Add the Gorgonzola and stir until melted.', 'Season the sauce with salt, pepper and crushed red pepper(if using),to taste.', 'Set aside and cover to keep warm.', 'Heat the oil in a heavy large skillet over medium heat.', 'Add the mushrooms and sauté until tender and golden, about 12 minutes.', 'Stir in the peas.', 'Season to taste with salt and pepper.', 'Cook farfalle according to pkg directions and drain.', 'Transfer the pasta to a large bowl.', 'Add the Gorgonzola sauce and mushroom mixture, and toss to coat.', 'Season the pasta with salt and pepper, if needed and top with chopped chives.']","italian, diabetic, vegetarian, lunch",lunch,559,24.7,19.1,3.416815811,4.418604788,1.38,12.19,5.26
505457,"Maple, Brown Sugar &amp; Cinnamon French Toast","['white bread', 'eggs', 'milk', 'brown sugar', 'cinnamon', 'nutmeg', 'vanilla extract', 'cooking spray', 'maple syrup', 'butter']","[""8 -10   slices    white bread"",""4       eggs, large "",""1   cup    milk"",""2   tablespoons    brown sugar, lightly packed "",""1   teaspoon    cinnamon, ground "",""1/8  teaspoon    nutmeg, ground "",""2   teaspoons    vanilla extract"",""2   tablespoons    cooking spray"",""1/2  cup    maple syrup (real, not imitation)"",""4 -5   tablespoons    butter, salted  (optional ( 1/2 tbs. butter per slice)""]",1 (179 g),4,"['In a medium mixing bowl, whisk eggs.  Then whisk in milk.  Add brown sugar, cinnamon, nutmeg and vanilla; whisk until fully incorporated.', 'Bring a large skillet or griddle to medium heat and lightly spray with cooking spray.', 'Dredge each slice of bread in the custard mixture, being careful not to oversaturate the bread.', 'Cook for 3-5 minutes on each side or until lightly browned.', 'Serve hot with butter and real maple syrup.']","french, breakfast, bread",breakfast,1556,100.5,33.9,2.178663337,6.458868895,1.39,12.25,5.43
155912,Linguine in Sour Cream and Chive Sauce,"['pasta roni', 'water', 'milk', 'butter']","[""1 (5  ounce) box  sour cream and chive Pasta Roni"",""1 1/4  cups    water"",""1/2  cup    milk"",""2   tablespoons    butter""]",1 (223 g),2,"['In medium saucepan, bring water, milk and butter to a boil; reduce heat to medium.', 'Slowly stir in pasta and special seasonings from box. Separate pasta with a fork, if needed. Boil uncovered 10 minutes or until pasta is tender, stirring frequently.', 'Sauce will be thin. Let stand 4 to 5 minutes for sauce to thicken.']","dinner, pasta",dinner,241,24.1,3.1,1.286307014,10.00000016,1.63,12.44,5.69
79831,South Texas Carne Guisada,"['sirloin', 'oil', 'garlic', 'ground cumin', 'chili powder', 'flour', 'beef broth', 'water', 'salt and pepper']","[""3   lbs    sirloin"",""2   tablespoons    oil"",""1   clove    garlic, mashed "",""1   teaspoon    ground cumin"",""1/2  teaspoon    chili powder"",""4   tablespoons    flour"",""1   can    beef broth"",""3/4  cup    water"",""  salt and pepper""]",1 (509 g),4,"['Cut beef into 3/4-inch cubes.', 'In nonstick skillet over medium heat, saute beef until brown.', 'Add oil and flour and toss with beef until flour is brown.', 'Add water and spices, stirring well.', 'Add beef broth and reduce heat to medium low.', 'Simmer approximately 30 minutes until beef is tender.', '(If sauce seems too thin, add a bit more flour to desired consistency.) Serve spooned onto flour tortillas (like tacos).', 'Garnish with sour cream, cheese and pico de gallo.']","mexican, low-carb, lunch",lunch,134,7.5,3,2.23880597,5.597014925,1.83,12.48,5.99
492209,Nutella Buddies,"['corn chex', 'nutella', 'butter', 'confectioners%27 sugar']","[""9   cups    Corn Chex"",""1 1/2  cups    nutella"",""2   tablespoons    butter"",""2   cups    confectioners\u0027 sugar""]",1 (55 g),18,"['Put Chex in large bowl.', 'In a medium microwave bowl place Nutella and butter.', 'Microwave for 30 seconds on high.', 'Stir well to combine.', 'Pour over Chex and stir gently until all of the Chex are covered.', 'Place in large bag, I use a brown paper bag.', 'Pour in confectioners sugar and shake until completely covered.']",snack,snack,324,8.8,5.1,1.574074045,2.716049442,1.83,12.62,5.99
459855,"Carmelized, HEALTHY Sweet Potato Medallions","['sweet potatoes', 'grapeseed oil', 'salt', 'pepper', 'parchment paper', 'aluminum foil']","[""3   large    sweet potatoes"",""2   tablespoons    grapeseed oil"",""1/2  teaspoon    salt (to taste)"",""1/2  teaspoon    pepper (to taste)"",""  parchment paper"",""  aluminum foil""]",1 (70 g),6,"['Cut sweet potatoes into 1/2-inch thick rounds &amp; place into a bowl or plastic bag.', 'Add grapeseed oil, salt and pepper, &amp; STIR to completely coat the medallions.', 'Place medalions on a parchment paper lined cookie sheet.', 'COVER coated medallions with foil.', 'Place in a *COLD OVEN* (This best caramelizes the medallions &amp; brings out the natural sweetness.).', 'Set oven to 400 ° F and turn on the power.', 'Cook for 30 minutes.', 'Remove the foil.', 'Turn medallions over.', 'Bake another 15 minutes until tops are browned,caramelized to your preference.', 'Remove from oven &amp; serve immediately.', 'ENJOY!']","healthy, dessert, side, snack",snack,251,19.6,1.4,0.557768915,7.808765092,1.93,13.09,6.05
483931,Chartreuse Smash,"['fresh sage leaf', 'lime', 'simple syrup', 'yellow chartreuse liqueur', 'dry gin', 'sage leaf', 'lime']","[""1       fresh sage leaf"",""1/2      lime, cut into wedges "",""2   tablespoons   honey simple syrup (replace sugar with honey, everything else same)"",""2   tablespoons    yellow chartreuse liqueur or 2   tablespoons    green chartreuse liqueur"",""2   tablespoons    dry gin"",""  sage leaf (garnish)"",""  lime, cut into wheels  (garnish)""]",1 (263 g),1,"[""Using a muddler or handle of a wooden spoon, mash sage leaf, 1/2 lime, and honey simple syrup in a 16 oz mixing glass or cocktail shaker 5-6 times to release juices and oils (don't mash to bits)."", 'Stir in liqueur and gin. Transfer to an Old Fashioned glass. Fill halfway with crushed ice, stir, then mound more crushed ice on top.']",dinner,dinner,476,13,11.6,2.43697487,2.731092437,2.06,13.15,6.06
211273,High Protein Raisin Bran Muffins,"['oat bran', 'whole wheat pastry flour', 'splenda granular', 'all-bran cereal', 'baking powder', 'salt', 'nonfat milk', 'egg substitute', 'vegetable oil', 'raisins', 'whey']","[""1/4  cup    oat bran"",""1   cup    whole wheat pastry flour"",""1/2  cup    Splenda granular"",""2   cups   kelogg\u0027s extra fiber all-bran cereal"",""1   tablespoon    baking powder"",""1/4  teaspoon    salt"",""1/4  cup    nonfat milk"",""1/4  cup    egg substitute"",""1/4  cup    vegetable oil"",""1/4  cup    raisins"",""1 -2   scoop   100% any whey""]",1 (82 g),6,"['In a mixing bowl, stir together 100% ANY WHEY, flour, Splenda, baking powder, and salt.', 'In large mixing bowl, combine cereal, oat bran, raisins, and milk.', 'Let stand about 5 minutes or until cereal softens.', 'Add egg substitute and vegetable oil; beat well.', 'Add flour mixture, stirring only until combined.', 'Portion batter evenly into six muffin pan cups coated with cooking spray.', 'Bake at 400 for about 20 minutes or until lightly browned.']","breakfast, bread",breakfast,508,14.9,19.4,3.818897563,2.933070791,2.1,13.55,6.45
144468,Quesadillas De Queso Camembert De Normandie,"['flour tortillas', 'camembert cheese', 'granny smith apple', 'red onion', 'tomatoes', 'jalapeno', 'fresh lime juice', 'fresh basil', 'walnut oil']","[""8       flour tortillas (approximately 8-inch diameter) or 8       spelt tortillas (approximately 8-inch diameter)"",""8   ounces    camembert cheese"","""",""1   cup    granny smith apple, peeled, seeded and diced small "",""1/2  cup    red onion, diced small "",""1/2  cup   firm tomatoes, diced small "",""1   tablespoon   green jalapeno, minced "",""3   tablespoons    fresh lime juice"",""2   tablespoons    fresh basil, minced  (NOT dried)"",""1   tablespoon    walnut oil""]",1 (138 g),4,"['Wrap the Camembert in plastic wrap and place in the freezer for 1 hour. Grate using a cheese grater. Set aside.', 'TORTILLAS: Heat a 10"" non-stick skillet over medium heat. Place one tortilla in the skillet and sprinkle evenly with one quarter of the grated Camembert. Top with a second tortilla, pressing down gently. When nicely browned, flip the quesadilla over and brown the other side. Transfer to a warming plate.', 'Repeat the process with the remaining tortillas and Camembert.', 'SALSA:  Combine the apple, red onion, tomato, jalapeño and lime juice in a non-reactive bowl. Stir in the walnut oil and fresh basil.', 'TO SERVE: Slice each quesadilla into quarters and arrange attractively on a serving platter with the salsa on the side.']","appetizer, vegetarian, lunch",lunch,738,32.2,26.8,3.631436211,4.363143735,2.19,14.4,6.47
277630,Crock Pot Hot Multigrain Cereal,"['multigrain cereal', 'salt', 'water', 'apples', 'raisins']","[""1   cup    multigrain cereal (or 1/2 cup multigrain cereal and 1/2 cup rolled oats)"",""1/4  teaspoon    salt"",""4   cups    water"",""2       apples, all purpose, peeled and thickly sliced "",""1/4-1/3  cup    raisins""]",1 (337 g),4,"['In prepared slow cooker stoneware, combine multigrain cereal, salt, water and apples.', 'Cover and cook on Low for 8 hours or overnight.', 'Just before serving, place raisins, if using, in  a microwave safe bowl and cover with water.  Microwave for 20 seconds to soften.  Add to hot cereal.  Stir well and serve.', '175 Essential Slow Cooker Classics. J. Finlayson.']",breakfast,breakfast,278,4.3,10.5,3.776978417,1.546762659,2.38,14.75,6.49
59402,Chocolate-Peanut butter Smoothie,"['banana', 'soymilk', 'vanilla yogurt', 'chocolate syrup', 'peanut butter']","[""1      frozen banana"",""1   cup    soymilk (or regular milk)"",""1/2  cup    vanilla yogurt"",""  chocolate syrup (to taste)"",""2   tablespoons    peanut butter""]",1 (515 g),1,"['Combine all ingredients in a blender and blend until smooth.', 'It is imperative that you freeze the banana.', 'This gives the smoothie an ice cream-like texture.', ""optional-Horlick's to taste.""]","breakfast, low-calorie, low-sodium, low-carb",breakfast,1303,54.3,21.4,1.642363747,4.167306158,2.49,15.64,6.55
79534,Ham and Egg Pie,"['hard-boiled eggs', 'ham', 'white sauce', 'yellow mustard', 'pie crust']","[""6       hard-boiled eggs, diced  (leftover from Easter?)"",""2   cups   diced ham (leftover from Easter?)"",""2   cups   very thick white sauce"",""2   tablespoons    yellow mustard, added to the cooked white sauce "",""1      recipe pie crust, for a two-crust 9 inch pie  (Use a packaged pie crust to save time.)""]",1 (163 g),2,"['Line pie plate with one crust.', 'Spread half of the ham across it.', 'Then spread the diced hard-boiled eggs on top of the ham.', 'Spread the other half of the ham on top of the eggs.', 'Pour the white sauce evenly over the ham and eggs.', 'Top with the second crust-- crimping the edges tightly and cutting vent holes.', 'Bake at 350 for about an hour, until the crust is golden brown.']","southern, pie, pork, dinner",dinner,823,45.6,90.1,10.94775194,5.540704553,2.61,15.89,6.56
47983,Pumpkin Spice Whoopie Pies,"['pumpkin', 'butter', 'spice cake mix', 'eggs', 'milk', 'butter', 'cream cheese', 'powdered sugar', 'marshmallow cream', 'vanilla', 'cinnamon', 'nutmeg']","["""",""1   cup    pumpkin"",""1/2  cup    butter, softened "",""1   package    spice cake mix (2 layer size)"",""2       eggs"",""1/2  cup    milk"","""",""1/2  cup    butter"",""1 (8   ounce) package  softened cream cheese"",""2   cups    powdered sugar"",""3 1/2  ounces    marshmallow cream (half of a 7 oz jar)"",""1   teaspoon    vanilla"",""1/2  teaspoon    cinnamon"",""1/2  teaspoon    nutmeg""]",1 (1549 g),1,"['Cookies: Beat pumpkin and butter with an electric mixer until smooth.', 'Add cake mix, eggs and milk and beat on low speed until combined, then on medium speed for one minute.', 'Cover cookie sheets with parchment or oiled foil.', 'Drop large mounds of dough 3 inches apart on cookie sheet.', 'Bake for 15 minutes at 375 degrees F.', 'Filling: Beat together butter and cream cheese until smooth.', 'Add powdered sugar, marshmallow cream, vanilla and cinnamon and nutmeg.', 'Beat until well combined.', 'Refrigerate at least 30 minutes or until cookies are ready to be filled.', 'When cookies are cool, spoon filling on bottom of cookies and sandwich together.']","dessert, pie, lunch",lunch,4409,255.5,40.7,0.923111834,5.794964845,2.61,16.14,6.78
18940,Vegetable Stuffed Pitas,"['red leaf lettuce', 'yellow squash', 'fresh mushrooms', 'cherry tomatoes', 'feta cheese', 'fresh oregano', 'plain low-fat yogurt', 'pepper', '6-inch whole wheat pitas']","[""2   cups   shredded red leaf lettuce"",""3/4  cup   thinly sliced yellow squash"",""1/2  cup   sliced fresh mushrooms"",""7       cherry tomatoes, quartered "",""1/3  cup   crumbled feta cheese"",""3   tablespoons   minced fresh oregano"",""1/2  cup    plain low-fat yogurt"",""1/4  teaspoon    pepper"",""2       6-inch whole wheat pitas, halved ""]",1 (151 g),4,"['Combine first 5 ingredients in a medium bowl, add 2 tablespoons oregano, tossing gently.', 'Set aside.', 'Combine remaining 1 tablespoon oregano, low fat yogurt and pepper, stir well.', 'Spread inside of each pita half with 2 tablespoons yogurt mixture.', 'Spoon 1 cup veggie mixture into each bread pocket.', 'Serve immediately.']","side, lunch",lunch,703,9.7,30.3,4.310099465,1.379800826,2.66,16.16,6.8
382680,Three Grain Salad With Grapefruit,"['red grapefruit', 'mixed grains', 'poblano chile', 'fresh parsley', 'red onions', 'celery ribs', 'dried sweetened cranberries', 'cranberry juice', 'red wine vinegar', 'extra virgin olive oil', 'brown sugar', 'fresh rosemary', 'salt']","[""1   large    red grapefruit"",""4 1/3  cups   cooked mixed grains"",""1   large    poblano chile, char, peel, seed, dice "",""1/4  cup   chopped fresh parsley"",""2   tablespoons   minced red onions"",""2       celery ribs, fine dice "",""3 -4   tablespoons    dried sweetened cranberries"",""1/3  cup    cranberry juice"",""1/4  cup    red wine vinegar"",""1   tablespoon    extra virgin olive oil"",""2   teaspoons    brown sugar or 2   teaspoons    sucanat, to make it vegan "",""1 1/2  teaspoons    fresh rosemary, chopped "",""1   pinch    salt, to taste ""]",1 (99 g),6,"['Separately cook and cool your grains, measure out about 4 1/3 cups worth total.', 'Supreme the grapefruit over a large bowl, catching the juices.', 'MIx the grains into the grapefruit  segments and their juice.', ""Add  the diced chile, parsley, onion, celery, dried sweetened cranberries (craisins), cranberry juice, red wine vinegar, olive oil, brown sugar, rosemary, and salt to taste. Sometimes I leave out the salt entirely, especially if I've used any in my grain cooking water."", 'Stir and mix thoroughly.', 'Taste and adjust seasonings.', 'Chill.']","lunch, vegetarian, vegan, salad",lunch,47,2.6,0.5,1.063829787,5.531914691,2.68,16.27,6.86
433847,Cereal Eggs,"['cereal', 'egg', 'sugar substitute']","[""1/4  cup    cereal (Shreddies, Chex and Crispix work well)"",""1   large    egg (or 1/4 cup egg whites)"",""  sugar substitute, to taste ""]",1 (51 g),1,"['Mix all ingredients thoroughly', 'Microwave for approximately 90 seconds.', 'Allow to cool, then add any toppings you wish.']","diabetic, snack",snack,481,0.4,19.8,4.116423958,0.083160084,2.72,16.3,6.88
236533,Croatian Cheese Noodles,"['noodles', 'cheese', 'pancetta', 'onions']","[""500   g    noodles (the best are tagliatelle, white or green)"",""300   g    cheese (fresh cow cheese)"",""150   g    pancetta"",""150   g    onions (or one onion)""]",1 (237 g),4,"['Cook the noodles.', 'Cut pancetta into cubes. Cut onion into rolls. Fry them in a pan until pancetta is crispy and onion brown.', 'Put noodles on serving bowl, sprinkle with fresh cheese and pancetta and onion. Serve it and eat it.']","noodles, lunch",lunch,489,27.4,24.8,5.071574486,5.603271906,2.78,16.77,6.99
486527,Deluxe Peanut Butter and Jelly Sandwich,"['bread', 'natural-style chunky peanut butter', 'strawberry jam', 'strawberries', 'granola cereal']","[""2   slices   thick-cut bread (\u003ca href\u003d\""https://www.geniuskitchen.com/recipe/quick-and-easy-english-date-and-nut-bread-486270\""\u003eQuick and Easy English Date and Nut Bread\u003c/a\u003e)"",""4   tablespoons    natural-style chunky peanut butter"",""4   tablespoons    strawberry jam"",""2      fresh ripe strawberries, hulled sliced "",""2   tablespoons    granola cereal""]",1 (197 g),1,"['Lay the two slices on a clean work surface. To one of the slices, spread the peanut butter and to the other slice, spread the strawberry jam.', 'Sprinkle the granola over the peanut butter and layer the strawberry slices over the granola covered peanut butter.', 'Top with the strawberry jam covered piece of bread and enjoy.']","sandwich, diabetic, vegetarian, lunch",lunch,736,38.7,25.5,3.464673913,5.258152278,2.78,17.06,7.01
313713,Mexi Olive-Chicken Roll-Ups,"['cream cheese', 'mayonnaise', 'olives', 'green chilies', 'diced pimentos', 'fresh garlic', 'chili powder', 'tabasco sauce', 'seasoning salt', 'lettuce leaves', 'smoked chicken', 'flour tortillas', 'salsa']","[""1 (8   ounce) package   cream cheese, softened "",""2   tablespoons    mayonnaise"",""1 (4   ounce) can   olives, well drained and finely chopped  (use green or black or half of each)"",""2 (4   ounce) cans  chopped green chilies, drained "",""1 (2   ounce) jar   diced pimentos"",""1   teaspoon    fresh garlic, minced  (or 1/4 to 1/2 teaspoon garlic powder)"",""1/4-1/2  teaspoon    chili powder (or to taste)"",""  Tabasco sauce (to taste)"",""  seasoning salt (optional and to taste)"",""8   large   thin lettuce leaves"",""16   slices   deli smoked chicken, thinly sliced  (can use more or less)"",""8 (8   inch)    flour tortillas"",""  salsa (optional, use for dipping) or   picante sauce (optional, use for dipping)""]",1 (159 g),8,"['In a large bowl beat the cream cheese with mayonnaise until smooth; add in chopped olives, green chilies, pimentos, garlic, chili powder and Tabasco; mix to combine well.', 'Season with seasoned salt to taste if desired.', 'Divide the cream cheese mixture into 8 even portions on a plate.', 'TO ASSEMBLE; spread 1 portion of the cream cheese mixture onto one side of each tortilla.', 'Place a thin lettuce leaf on top, then top with 2 slices smoked deli chicken.', 'Roll up each roll as tightly as possible.', 'Wrap each roll in plastic wrap and refrigerate for at least 1 hour or more.', 'Unwrap then slice each roll in half.', 'Serve the roll-ups with salsa or picante sauce.']",lunch,lunch,413,15.1,27.6,6.682808809,3.656174427,2.78,17.09,7.04
36401,Spicy Guacamole,"['avocado', 'fresh lime juice', 'fresh cilantro', 'onion', 'garlic cloves', 'serrano chilies', 'salt']","[""1   large   ripe avocado, peeled, pitted "",""2   teaspoons    fresh lime juice"",""1/2  cup   chopped fresh cilantro (I left this out)"",""1/4  cup   finely chopped onion"",""2       garlic cloves, finely chopped "",""2   large    serrano chilies, seeded chopped "",""1/4  teaspoon    salt""]",1 (322 g),1,"['Using fork, mash avocado with lime juice in small bowl.', 'Add cilantro, chopped onion, chopped garlic, serrano chilies and salt and stir to combine.']","vegetarian, low-carb, appetizer, mexican, dinner",dinner,612,27.5,17.1,2.794117709,4.493464052,2.89,17.16,7.13
114449,Traditional Pimm's Cup  (a.k.a.) Pimm's and Ginger,"['pimm%27s liqueur', 'ginger ale', 'oranges', 'cucumber', 'mint']","[""2 1/2  ounces    Pimm\u0027s liqueur"",""6   ounces    ginger ale"",""1   slice    oranges, and  or 1   slice    lemon"",""1   slice    cucumber (spear)"",""  mint (to garnish)""]",1 (192 g),1,"[""Pour Pimm's and ginger ale over plenty of ice in a highball glass. Add a slice of orange and/or lemon and a cucumber spear. Garnish with mint leaves.""]",dinner,dinner,19,0.1,0.5,2.631578947,0.526315797,2.9,17.22,7.17
168747,Pina Colada,"['cream of coconut', 'pineapple juice', 'rum', 'coconut rum', 'ice']","[""4   ounces    cream of coconut"",""4   ounces    pineapple juice"",""1 1/2  ounces    rum (Bacardi Gold)"",""1 1/2  ounces    coconut rum (Malibu)"",""2   cups   crushed ice""]",1 (446 g),2,"['Mix ingredients in blender until smooth; pour into glasses; garnish with pineapple wedges and maraschino cherries if desired.', 'Note: This recipe is my adaptation of ""The Authentic Piña Colada"" printed on back of the Coco Lopez Real Cream of Coconut® can, which is the same as this but uses all (3 ounces) regular rum only ~ It\'s a great drink but I just love the inclusion of part coconut rum to make it even better!']","low-calorie, low-sodium, healthy, low-carb, low-fat, dinner",dinner,26,0.1,0.1,0.38461539,0.38461539,2.97,17.42,7.24
436551,Momosita's Mile-High Chocolate Chip Cookies,"['butter', 'white sugar', 'brown sugar', 'eggs', 'vanilla', 'baking soda', 'milk', 'salt', 'flour', 'chocolate chips']","[""1   cup    butter, melted gently "",""1   cup    white sugar"",""1   cup    brown sugar, packed "",""2       eggs"",""1   tablespoon    vanilla"",""1   teaspoon    baking soda"",""2   teaspoons    milk, hot "",""1/2  teaspoon    salt"",""3   cups    flour"",""1   cup    chocolate chips""]",1 (22 g),60,"['Preheat oven to 350.', 'Cream butter and sugars.', 'Beat in eggs.', 'Stir in vanilla.', 'Dissolve soda in milk in a small dish.', 'Add to batter with salt.', 'Stir in flour.', 'Add chocolate chips.', 'Bake for 10 minutes.']","cookie, dessert, snack",snack,129,4.8,1.9,1.472868199,3.72093038,2.99,17.61,7.31
284666,Kick It up a Notch Crock Pot Turkey Thighs With Peppers,"['turkey thighs', 'citrus vinaigrette dressing', 'lime garlic salsa', 'banana peppers']","[""3       turkey thighs"",""1 1/2  cups    citrus vinaigrette dressing"",""1   cup    lime garlic salsa"",""3 -6      hot whole banana peppers""]",1 (23 g),4,"['Place turkey thighs in the crock pot.', 'Add the Citrus Splash over the top of the thighs, lift them up so the marinate get under the thighs.', 'Turn the heat to high.', 'Cook for 2 hours, raise lid, turn the thighs over.', 'Add the salsa on top of the thighs only.', 'Place the banana peppers on top of the thighs.', 'Cook another 2 hours.', 'Lift thighs out and slice or shred.', 'Chop banana peppers with seeds left.', 'I also brush the buns with salad dressing before adding the meat.']","gluten-free, lactose-free, lunch",lunch,254,6.1,26.3,10.35433041,2.401574766,3.18,18.89,7.35
152693,South Beach &quot;pancakes&quot;,"['eggs', 'ricotta cheese', 'vanilla', 'artificial sweetener', 'cinnamon', 'nutmeg']","[""2       eggs"",""2   tablespoons    ricotta cheese or 2   tablespoons    fat-free cottage cheese"",""1   teaspoon    vanilla"",""0.5 (1   g) package   artificial sweetener"",""1/4  teaspoon    cinnamon"",""1/8  teaspoon    nutmeg""]",1 (67 g),1,"['Add all ingredients together and mix well using a hand blender or regular blender.', 'Spray an 8"" or 10"" skillet with nonstick and heat over med-low heat. Pour half of the batter into skillet and cover with lid until the pancake top is set (3-4 min.). Flip gently and cook other side another minute.', 'Turn out on a plate and repeat with the other half of batter, making sure to re-spray the pan.', 'Serve with sugar-free syrup.', 'This is easily changed to make a savory instead of sweet pancake. Just by changing a few spices and serve them with salsa or other toppings to suit your taste can make this an anytime meal.']","breakfast, diabetic",breakfast,360,23.5,29.4,8.166666561,6.527777778,3.21,19.44,7.52
94196,Yorkshire Chicken,"['frying chicken', 'all-purpose flour', 'salt', 'poultry seasoning', 'pepper', 'baking powder', 'eggs', 'milk']","[""1 (3 -3 1/2  lb)    frying chicken"",""1 1/3  cups    all-purpose flour, divided "",""2   teaspoons    salt, divided "",""1   teaspoon    poultry seasoning"",""1/4  teaspoon    pepper"",""1/2  teaspoon    baking powder"",""3       eggs"",""1 1/2  cups    milk""]",1 (2062 g),1,"['Mix 1/3 cup flour, 1 tsp salt, the poultry seasoning and pepper.', 'Coat chicken pieces with the mixture.', 'Brown all sides in 1/4 cup butter in large skillet.', 'Arrange chicken in a 13-by-9 inch baking pan.', 'Bake at 350°F for 30 minutes.', 'Remove chicken.', 'If desired, make gravy in pan, using drippings.', 'Pour off into saucepan and keep warm.', 'Put chicken back in pan.', 'In electric mixer, beat together remaining flour, salt, baking powder, eggs and milk.', 'Add remaining butter, melted.', 'Beat until smooth.', 'Pour over chicken.', 'Bake at 350°F for another 45 minutes.', 'Serve with gravy, if used.']","dinner, low-carb, chicken",dinner,2013,51.7,113.5,5.63835072,2.568306049,3.25,20.03,7.59
252528,Cobalt Sea,"['vodka', 'blue curacao', '7-up soda', 'prepared sweet-and-sour mix', 'orange juice']","[""1   ounce    vodka (X-Rated brand or other premium)"",""1/2  ounce    blue curacao"",""1 1/2  ounces    7-Up soda"",""1   ounce    prepared sweet-and-sour mix"",""1/2  ounce    orange juice""]",1 (91 g),1,"['Mix all ingredients in a glass and add ice.', 'Enjoy!  ;).']",dinner,dinner,75,1,4.3,5.733333588,1.333333333,3.32,20.65,7.69
497570,Salmon for Those Who Don't Cook Fish!,"['salmon fillets', 'red pepper', 'yellow pepper', 'onion', 'sliced mushrooms', 'garlic', 'avocado', 'mrs dash%27s extra spicy seasoning', 'mrs. dash seasoning mix']","[""1 (9   ounce)    salmon fillets"",""1       red pepper"",""1       yellow pepper"",""1       onion"",""3   cups    sliced mushrooms"",""1   teaspoon    garlic"",""1/2      avocado"",""1   teaspoon    Mrs Dash\u0027s extra spicy seasoning"",""1   teaspoon    Mrs. Dash seasoning mix""]",1 (506 g),2,"['Preheat oven to 400.', 'Cut up onion, peppers, mushroom and garlic, and place in a pan with a little olive oil.  Cook on medium until soft, and season with Mrs Dash Chicken Seasoning.', 'Rub a little olive oil in a pan / cast iron skillet and heat to high heat. Season the salmon with Mrs Dash Extra Spicy Seasoning, and place in pan skin side down.  Cook for 3 - 4 minutes until skin is crispy.', 'Flip fish over and transfer pan to oven.', 'Cook for 8 minutes.', 'Serve fish on top of grilled veggies, with sliced avocado along side.']","fish, diabetic, dinner",dinner,278,11.6,23.4,8.41726605,4.172662008,3.37,20.78,7.79
464141,Chickpea Snack,"['olive oil', 'onion', 'chili peppers', 'curry powder', 'mustard seeds', 'chickpeas']","[""1   tablespoon    olive oil"",""1       onion, sliced "",""5       chili peppers, dried, sliced "",""1   teaspoon    curry powder"",""1   tablespoon    mustard seeds"",""1 (15   ounce) can   chickpeas, drained ""]",1 (391 g),2,"['Heat olive oil; add onion, small hot chilies, curry powder, and mustard seed.', 'Fry just a little.', 'Add chickpeas  until lightly toasted.']","low-calorie, healthy, indian, low-fat, snack",snack,251,9.9,7.8,3.107569797,3.944222956,3.52,20.95,7.84
221675,Horseradish Dressing,"['sour cream', 'olive oil', 'prepared horseradish', 'fresh dill', 'white wine vinegar', 'salt', 'black pepper']","[""1 1/2  tablespoons    sour cream"",""1 1/2  teaspoons    olive oil"",""1 -2   teaspoon    prepared horseradish"",""2   teaspoons   finely chopped fresh dill (dried works as well)"",""3/4  teaspoon    white wine vinegar"",""  salt"",""  black pepper""]",1 (16 g),1,"['Whisk sour cream, olive oil, horseradish, dill, and vinegar together in a small bowl.', 'Season to taste with salt and pepper.']",dinner,dinner,361,15.3,10.8,2.991689804,4.2382272,3.63,21.04,7.84
328301,Mindy's Chicken Salad,"['cooked chicken breasts', 'bacon', 'water chestnuts', 'celery ribs', 'seedless grapes', 'mayonnaise', 'fresh parsley', 'green onions', 'lemon juice', 'ground ginger', 'worcestershire sauce']","[""3   cups    cooked chicken breasts, diced "",""4   slices    bacon, cooked and crumbled "",""1 (8   ounce) can   water chestnuts, drained and diced "",""2       celery ribs, thinly sliced "",""1   cup    seedless grapes, halved "",""3/4  cup    mayonnaise"",""1   tablespoon    fresh parsley, minced "",""2   tablespoons    green onions, minced "",""1   teaspoon    lemon juice"",""1/4  teaspoon    ground ginger"",""1   dash    Worcestershire sauce""]",1 (155 g),4,"['Combine chicken, bacon, water chestnuts, celery and grapes in a large bowl.', 'In small bowl, whisk remaining ingredients together.', 'Combine with chicken mixture, using as much or as little mayonnaise needed to moisten to your taste.', 'If you like a creamier salad, add a little more mayonnaise.', 'Chill well and stir before serving.']","chicken, lunch, salad",lunch,777,52.9,67.8,8.725869119,6.808237005,3.64,21.09,7.88
493030,Angel Chicken,"['angel hair pasta with herbs mix', 'water', 'milk', 'margarine', 'cooked chicken breasts']","[""1 (4 7/8  ounce) box   angel hair pasta with herbs mix (or as close to the size as possible )"",""1 1/3  cups    water"",""1/2  cup    milk"",""2   tablespoons    margarine"",""8   ounces   leftover cooked chicken breasts (grilled,broiled,or fried Chef\u0027s choice )""]",1 (346 g),2,"['In a medium saucepan,bring water,milk and the margarine to boil; reduce heat to medium.', 'Slowly stir in pasta and seasoning packet, if needed seperate pasta with a fork.', 'Boil uncovered 4 to 5 minutes or until pasta is tender.', 'While pasta is cooking ,slice chicken breast into thin strips and warm in microwave.', 'After pasta is done, divide evenly and place on two plates then top each serving with 4 ounces of sliced chicken.', 'If desired serve with a green salad and garlic bread.']","dinner, chicken",dinner,300,6.5,39.5,13.16666667,2.166666667,3.72,22.73,8.13
448462,Banana Split Greek Yogurt,"['greek yogurt', 'pudding', 'caramel syrup', 'milk', 'splenda sugar substitute', 'sugar-free strawberry jam', 'chocolate syrup']","[""8   ounces   dannon plain Greek yogurt (1 small container)"",""3 -4   teaspoons   banana cream sugar free pudding (or to taste)"",""1 -2   teaspoon   sugar free caramel syrup (torani, davinci, whatever)"","" splash milk"",""1   ounce    Splenda sugar substitute (1 packet)"",""1/2  teaspoon    sugar-free strawberry jam"","" drizzle sugar free chocolate syrup""]",1 (42 g),1,"['Take yogurt, banana cream pudding, caramel syrup, milk and splenda; this step is to loosen up the stuff and give if more of a *normal* yogurt consistancy).  Top with a tiny dollop strawberry preservers and a drizzle chocolate syrup.', 'Use the same method for pistachio, but use vanilla syrup instead.']","diabetic, greek, snack",snack,1497,45.6,36.9,2.464929962,3.046092082,3.74,23.15,8.14
296531,Blackberry Smoothie,"['vanilla bean', 'milk', 'vanilla yogurt', 'fresh blackberries', 'fresh blueberries']","[""1/2      vanilla bean"",""1   cup    milk"",""1   cup    vanilla yogurt"",""1   cup    fresh blackberries"",""1/4  cup    fresh blueberries""]",1 (167 g),4,"['Cut vanilla bean in half length-wise. Scrape out seeds. Reserve.', 'Into a blender add milk, yogurt, blackberries, blueberries and reserved vanilla bean.', 'Blend until smooth.', 'Serve chilled.']",breakfast,breakfast,254,2.1,2.1,0.826771616,0.826771616,3.84,23.35,8.2
21981,Vegetable Latkes,"['eggs', 'all-purpose flour', 'salt', 'fresh dill', 'baking powder', 'black pepper', 'onion', 'baking potatoes', 'beet', 'parsnip', 'carrot', 'vegetable oil']","[""2   large    eggs"",""1/2  cup    all-purpose flour"",""1 1/2  teaspoons    salt"",""1   teaspoon    fresh dill, chopped "",""1/4  teaspoon    baking powder"",""1/4  teaspoon    black pepper"",""1   small    onion"",""2   large    baking potatoes"",""1   medium   peeled beet"",""1   medium   peeled parsnip"",""1   large   peeled carrot"",""5   tablespoons    vegetable oil (for frying)""]",1 (732 g),1,"['Preheat oven to 275F.', 'Place large baking sheet in oven.', 'Line second sheet with paper towl.', 'In a large bowl, whisk eggs, dill, flour, salt, baking powder, and pepper.', 'In processor, using medium shredding disk, shred onion, potato, beet, parsnip, and carrot (if shredding by hand use the large hole grater); add to egg mixture.', 'In large nonstick skillet, heat 1 Tbs oil over medium high heat, tilt to coat bottom.', 'Drop 4 level 1/4 cup mounds vegie mixture into skillet.', 'Flatten into 3 in rounds with a spatula.', 'Cook 2 minutes per side or until golden.', 'Drain on paper towl lined baking sheet.', 'Place on baking sheet in oven to keep warm.', 'In 4 batches, fry remaining pancakes in 1 Tbs oil per batch, being sure to mix batch before frying.', 'Serve warm with applesauce and sour cream, if desired.']","dinner, vegetarian",dinner,2135,117,70.1,3.283372294,5.480093677,3.92,23.4,8.22
274817,Lorna's Doughnut Muffins,"['flour', 'baking powder', 'salt', 'nutmeg', 'crisco', 'sugar', 'egg', 'milk', 'margarine', 'sugar', 'cinnamon']","[""1 1/2  cups    flour"",""1 1/2  teaspoons    baking powder"",""1/2  teaspoon    salt"",""1/4  teaspoon    nutmeg"",""1/3  cup    Crisco"",""1/2  cup    sugar"",""1       egg"",""1/2  cup    milk"","""",""1/2  cup    margarine, melted "",""3/4  cup    sugar"",""1 1/2  teaspoons    cinnamon""]",1 (806 g),1,"['Sift flour, baking powder, salt and nutmeg together; set aside.', 'Cream crisco and sugar; beat in egg.', 'Alternately add dry mixture and milk to creamed mixture.', 'Grease muffin tins and fill cups 2/3 full.', 'Bake at 350 degrees for 20-25 minutes.', 'Melt margarine.', 'Combine sugar with cinnamon.', 'Roll each muffin in margarine, then the sugar mixture.']","breakfast, bread, dessert",breakfast,2729,19.1,53.2,1.949432054,0.699890084,3.95,23.41,8.35
466584,Thai Style Salmon Fillet,"['salmon fillet', 'garlic cloves', 'gingerroot', 'chili', 'lime', 'coriander', 'salt', 'unsalted butter']","[""1       salmon fillet"",""2       garlic cloves, chopped up finely "",""1       gingerroot, 3cm x 1cm, chopped up finely "",""1/2     red chili, chopped up finely "",""1/2      lime"",""1   bunch    coriander, roughly chopped "",""  salt"",""  unsalted butter""]",1 (358 g),1,"['Start by using a pestle and mortar to crush up the garlic and ginger. Pound it in a while to release the flavor. Now add the chili and coriander and finally the lime to create a marinade.', ""Now, heat a good quality pan so it's hot."", 'While this happens, spread the marinade from the mortar onto the skinless side of the salmon fillet. Now add a little salt.', 'Next, add a good sized knob of butter into the hot dish and place the salmon into the pan, skin size down on a medium to high heat.', 'Allow the salmon to cook for about 6-8 minutes allowing the skin to become crispy and also cook the salmon a little too.', 'Now turn it about, so the salmon is on the marinade bed and allow it to cook on a medium heat. Allow to cook for about 15 minutes.', ""The bed will burn on the pan side, but the salmon will remain unburnt, so don't worry!"", 'After about 15 minutes, the salmon should be cooked through depending on the thickness of the fillet.', 'Remove carefully and serve on a plate with the skin size down.', 'Serve with a combination of items, including stir-fry noodles, or traditional vegetables including new potatoes, green vegetables or maybe something a little more experimental!']","thai, dinner",dinner,1238,95.1,34,2.746365105,7.681744626,3.95,23.6,8.48
434249,Saudi Date Sweet (With Gluten Free Option),"['all-purpose flour', 'dates', 'unsalted butter', 'cardamom', 'walnuts', 'brown sugar']","[""1/4-1/3  cup    all-purpose flour (For gluten free I prefer the larger amount of flour, I use a mix of white rice flour and half the am)"",""1 1/2  cups   soft dates, pitted and chopped "",""4   tablespoons    unsalted butter"",""1/2  teaspoon    cardamom, ground "",""1/2  cup    walnuts, chopped "",""1 1/2  teaspoons    brown sugar""]",1 (23 g),16,"['On medium heat in a 9-inch skillet add butter. Add walnuts and mix until lightly toasted. Add cardamom, brown sugar, soft dates and flour. With a wooden spoon mix until nuts and dates are covered. Remove from heat.', 'Place your hand in a plastic bag and shape mixture into walnut size ball shapes.', 'Enjoy with tea or coffee or devour like we do, alone right away!']","dessert, gluten-free, low-sodium, snack",snack,147,8,1.9,1.292516991,5.442176871,4.06,23.98,8.56
489672,Lemonade Chex Mix,"['rice chex', 'white chocolate chips', 'unsalted butter', 'lemon zest', 'lemon juice', 'powdered sugar']","[""9   cups    Rice Chex"",""1 1/2  cups    white chocolate chips"",""1/4  cup    unsalted butter"",""4   teaspoons    lemon zest"",""2   tablespoons    lemon juice"",""2   cups    powdered sugar""]",1 (43 g),18,"['Pour cereal into a large bowl and then set aside. Melt the chocolate, butter, lemon zest, and lemon juice in a microwave safe container. Melt for minute. Stir. Melt for additional 30 second intervals until smooth when stirred. Pour melted mixture over cereal and gently stir until the cereal is evenly coated.', 'Transfer the cereal into a gallon ziploc bag. Add the powdered sugar and shake, shake, shake your money maker. Serve it up.']",snack,snack,382,8.5,4.4,1.151832486,2.22513089,4.23,24,8.56
392198,Orange Citrus Tuna Salad,"['mayonnaise', 'ground ginger', 'black pepper', 'orange juice', 'country-style dijon mustard', 'fresh garlic', 'celery', 'tuna', 'fresh parsley', 'lettuce', 'oranges']","["""",""2/3  cup    mayonnaise"",""1/2  teaspoon    ground ginger"",""1/4  teaspoon    black pepper"",""2   tablespoons    orange juice"",""2   tablespoons    country-style dijon mustard"",""1/2  teaspoon    fresh garlic, minced "","""",""1   cup    celery, coarsely chopped "",""2 (6 1/2  ounce) cans   tuna, drained "",""2   tablespoons    fresh parsley, chopped "",""4   cups    lettuce, torn "",""2       oranges, pared, sliced 1/4-inch ""]",1 (401 g),6,"['in a large bowl stir together all dressing ingredients.', 'stir in all salad ingredients except lettuce and oranges.', 'on platter or individual salad plates place lettuce.', 'spoon tuna salad on lettuce; arrange orange slices around tuna salad.', 'serve.']","healthy, low-carb, lunch, salad",lunch,296,22.8,13.4,4.527026898,7.702702445,4.31,24.84,8.56
179631,Beef Bundles,"['hamburger', 'onion', 'salt', 'pepper', 'cheese', 'barbecue sauce', 'pizza crusts']","[""1   lb    hamburger"",""1/2  cup    onion, diced "",""1/2  teaspoon    salt"",""1/4  teaspoon    pepper"",""1   cup    cheese, shredded "",""3/4  cup    barbecue sauce"",""2 (10   ounce)   tubes pizza crusts""]",1 (180 g),4,"['Heat oven to 425.', 'Brown and drain hamburg and onion.', 'Add seasoning, cheese and sauce.', 'Cut each pizza crust into 4 pieces and stretch out slightly.', 'Divide meat mixture among crusts. Lift the four corners of each to meet in the middle and press to join, leaving the sides open.', 'Bake 12-14 minutes.']","beef, lunch",lunch,418,25.5,39.2,9.377990613,6.100478469,4.42,25.67,8.63
362845,Sugar Freeish Cholesterol Lowering Oatmeal Cookies ( Splenda ),"['canola oil', 'milk', 'vanilla', 'blackstrap molasses', 'baking soda', 'salt', 'whole wheat flour', 'splenda sugar substitute', 'rolled oats']","[""1   cup    canola oil"",""1/2  cup    milk"",""2   teaspoons    vanilla"",""2   tablespoons    blackstrap molasses"",""1   teaspoon    baking soda"",""3/4  teaspoon    salt"",""1 3/4  cups    whole wheat flour"",""2   cups    Splenda sugar substitute"",""4   cups    rolled oats""]",1 (29 g),36,"['Preheat oven to 375 degrees.', 'Mix together the oil, milk, vanilla, molasses, baking soda, and salt.', ""Add the flour.  You can use regular flour if you don't have whole wheat."", ""Add the Splenda.  It will look really weird, not like regular cookie dough.  Make sure it's mixed really well before going to the next step.  (Walmart now carries a generic Altern, which works just like Splenda and saves a couple bucks.)."", 'Mix in the rolled oats.  This will be a challenge, it will look weird and you have to use your hands to get it to all mix in and stick together.  Make sure you mix and squish enough that all the oats are moistened.  Might need to add a smidgen more milk to stick things together.  I use regular oats, not the quick oats.  They have a lower glycemic index as it takes the body longer to break them down.  Also, the cookies are chewier so you have to eat them more slowly.  Can use quick oats if you wish.', 'Add a few chopped nuts or raisins here if you want.  I recommend trying a plain batch first though.', ""Take walnut sized amounts, squish some more to make sure it all sticks together then flatten between your hands and lay out gently on an ungreased cookie sheet.  You can put them close together, they don't expand much."", 'Bake for 8-10 minutes in center of oven.  My oven takes about 9 minutes.  The bottoms will get lightly browned.  Do a test batch.  They get too dry very quickly if overcooked.']","diabetic, vegetarian, cookie, dessert, breakfast",breakfast,257,8.8,6.2,2.412451288,3.424124588,4.73,26.24,8.69
533745,Peanut Butter and Banana Frozen Treat,"['bananas', 'greek yogurt', 'peanut butter']","[""2      over ripe bananas"",""1   cup    Greek yogurt"",""1/2  cup    peanut butter""]",1 (30 g),12,"['In a bowl, mash bananas until completely smooth. Mix in remaining ingredients, and stir until well incorporated.', 'Pour mixture into ice cube molds, or small dixie cups and freeze overnight. Store in an air tight container, in freezer.', 'Notes.', 'Microwave peanut butter briefly, to make it easier to work with.']",snack,snack,85,5.1,4.7,5.52941154,5.999999888,4.82,26.33,8.8
29155,Fluffy Pancakes,"['all-purpose flour', 'sugar', 'baking powder', 'salt', 'milk', 'vegetable oil', 'egg']","[""1 1/4  cups    all-purpose flour"",""2   tablespoons    sugar"",""2   teaspoons    baking powder"",""3/4  teaspoon    salt"",""1 1/3  cups    milk"",""3   tablespoons    vegetable oil"",""1       egg""]",1 (152 g),2,"['Mix all dry ingredients together in a bowl (I use a 4 cup measuring cup).', 'Mix milk, oil and egg in smaller bowl (I use 2 cup measuring cup).', 'Mix liquid ingredients into dry ingredients.', 'Make 4 inch pancakes in a medium heated non-stick pan or griddle or use a small amount of oil in regular pan.', 'Cook until golden brown.', 'Serve with butter and syrup or your favorite topping.']",breakfast,breakfast,980,34.8,26.6,2.714285753,3.55102033,4.86,26.53,9.17
432549,Opps-A-Daisy Bars,"['trail mix', 'corn bran', 'rolled oats', 'dried cranberries', 'margarine', 'marshmallows']","[""1 1/2  cups   chocolate trail mix"",""3   cups    corn bran, squares "",""1   cup    rolled oats"",""3/4  cup    dried cranberries"",""1/4  cup    margarine"",""18   large    marshmallows""]",1 (87 g),9,"['Lightly grease a non-stick 9x9 pan; set aside.', 'In a large bowl, mix the chocolate trail mix, corn bran squares, oats, &amp; cranberries; set aside.', 'In a microwave safe bowl melt margarine and marshmallows together, cooking at 20 second intervals, stir in between until finally blended together (abouut one-two minutes).', 'Pour over dry mix and stir quickly.  Press into prepared pan and put in fridge for at least 4 hours to set well.', 'Cut into squares OR', 'Put it on a serving plate, gather with some friends, tear it apart with your fingers, enjoy!']",snack,snack,519,17,18.5,3.564547206,3.275529865,4.9,26.58,9.2
321703,Ooey-Gooey Sandwich,"['peanut butter', 'strawberry jam', 'sugar-free chocolate syrup', 'splenda granular', 'banana', 'liquid honey', 'whole wheat bread', 'tomatoes']","[""1/2  cup    peanut butter"",""1/2  cup    strawberry jam"",""1/4  cup    sugar-free chocolate syrup"",""1 1/2  tablespoons    Splenda granular, sugar substitute "",""1   large    banana, mashed "",""2   tablespoons    liquid honey"",""12   slices    whole wheat bread"",""6   slices    tomatoes""]",1 (163 g),6,"['In a medium bowl mix everything, except the bread and tomatoes together.', 'Spread generously over one slice of bread and top it with a second slice of bread to make a sandwich.']","sandwich, lunch",lunch,389,15.4,14.1,3.624678761,3.958868797,4.9,27.39,9.21
35397,Squashed Squash ( Hubbard or Butternut ),"['winter squash', 'unsalted butter', 'nutmeg', 'salt and pepper']","[""1/2  lb   small winter squash, such as hubbard or butternut "",""2   tablespoons    unsalted butter, room temperature "",""1   pinch   freshly grated nutmeg"",""  salt and pepper""]",1 (127 g),2,"['Pierce the squash in several spots with a fork or skewer.', 'Place on a microwave-safe plate and place in the microwave; cook on High until squash is soft, about 8 minutes.', 'Alternatively, you can do this in the oven: poke it as above, and roast at 400F for about 45 minutes.', 'Cut cooked squash in half, scoop out and discard seeds, then scoop all the flesh into a mixing bowl.', 'Add the butter and nutmeg, and mash well.', 'Taste; add salt and pepper if desired; serve.', ""A wee bit of cream can also be added when mashing, if you're feeling decadent.""]","diabetic, low-calorie, low-sodium, vegetarian, low-carb, side, dinner",dinner,1199,122.4,4.6,0.383653036,10.20850722,4.92,27.46,9.25
105999,Pork Shoulder Sandwiches,"['pork butt', 'brown mustard', 'texas toast thick bread', 'barbecue sauce', 'coleslaw', 'french fries', 'sweet paprika', 'garlic powder', 'black pepper', 'onion powder', 'cayenne pepper', 'oregano', 'thyme']","[""6 -8   lbs    pork butt or 6 -8   lbs    pork shoulder"",""1/4  cup    brown mustard or 1/4  cup    spicy mustard"",""8 -10   slices    Texas toast thick bread (or Wonder, Iron Kids, etc..)"",""  barbecue sauce (your favorite)"",""  Coleslaw (I use KFC Coleslaw \u003ca href\u003d\""https://www.geniuskitchen.com/recipe/kfc-coleslaw-58904\""\u003eKFC Coleslaw\u003c/a\u003e)"",""  French fries (I buy a large order from a local eatery because their fries are addictive)"","""",""2 1/2  tablespoons    sweet paprika"",""2   tablespoons    garlic powder"",""1   tablespoon    black pepper"",""1   tablespoon    onion powder"",""1   tablespoon    cayenne pepper (add less to adjust heat)"",""1   tablespoon    oregano"",""1   tablespoon    thyme""]",1 (301 g),8,"['Coat shoulder with mustard and sprinkle liberally with Spice Rub coating all sides.', 'Place in a plastic bag and refrigerate overnight.', 'Remove from refrigerator and allow to sit at room temperature for 1 hour.', 'Preheat oven to 250 degrees.', 'Place uncovered shoulder directly on rack with a drip pan beneath.', 'Roast for 7-8 hours (or until falling apart).', 'Remove from oven to a cooling rack to rest for at least 1 hour.', 'Pull pork apart using fingers or two forks.', 'Serve by topping 1 slice of bread with a generous portion of meat, BBQ sauce, coleslaw and fries.', 'It makes a pretty messy (but unbeatable) open-faced sandwich so you may want to have forks at the ready.']","pork, sandwich, lunch",lunch,463,14.1,30.1,6.501079996,3.045356454,5.12,28.68,9.36
116740,Oink Oink on a Stick,"['deli ham', 'yellow cheese', 'breadstick', 'mustard']","[""1   slice    deli ham, thin slice "",""1   slice    yellow cheese, thin slice "",""1      soft italian breadstick"",""1/4  teaspoon    mustard""]",1 (129 g),1,"['Lay ham on paper plate. Place cheese slice in the middle.', 'Spread mustard over meat.', 'Place breadstick at one end and roll up.', 'Secure with toothpick.', 'Place with seam down on paper plate and cover loosely.', 'Microwave on high for 20-25 seconds or until cheese melts.', 'Let sit for one mimute before removing toothpick.', 'Serve and enjoy!', 'This can be done with any combination of meats and cheeses.  Just make sure that they are thin. I tried this with hard breadsticks and it really does not work very well as the breadstick gets hard and is too crumbly.']","appetizer, lunch",lunch,430,14.7,22.9,5.325581307,3.418604607,5.12,28.81,9.48
242415,Mushroom Toast,"['mushroom', 'butter', 'garlic cloves', 'salt', 'white pepper', 'nutmeg', 'lemon juice', 'whipping cream', 'bread', 'parsley']","[""1/2  lb    mushroom, sliced "",""1/4  cup    butter or 1/4  cup    margarine"",""2       garlic cloves, minced "",""1/2  teaspoon    salt"",""1   dash    white pepper"",""1   dash    nutmeg"",""1   teaspoon    lemon juice"",""1/4  cup    whipping cream"",""4   slices   firm bread, toasted "",""2   tablespoons   chopped parsley""]",1 (116 g),4,"['Saute mushrooms in heated butter in a large pan until they begin to brown lightly.', 'Mix in garlic, salt, pepper, nutmeg, lemon juice and cream.', 'Cook stirring until cream starts to thicken.', 'Remove from heat.', 'Place bread in a single layer on an ungreased baking sheet.', 'Spoon mushrooms evenly over toast and sprinkle with parsley.', 'Bake at 450F until mushrooms and cream look bubbly, 5-8 minutes.', 'Serve at once.  Slice into triangles for appetizers.']","appetizer, bread, lunch",lunch,413,22.7,9.5,2.300242131,5.496368223,5.39,29.16,9.49
196336,Diabetic Asian Lemon Chicken,"['chicken breast tenders', 'cornstarch', 'low sodium soy sauce', 'fresh lemon juice', 'low sodium soy sauce', 'fat free chicken broth', 'fresh ginger', 'garlic cloves', 'splenda sugar substitute', 'cornstarch', 'vegetable oil', 'red bell pepper', 'green bell pepper']","[""12   ounces    chicken breast tenders, cut in thirds "",""1   teaspoon    cornstarch"",""1   tablespoon    low sodium soy sauce"",""1/4  cup    fresh lemon juice (start with 2 Tbsp, mix, taste and add more if you wish)"",""1/4  cup    low sodium soy sauce"",""1/4  cup    fat free chicken broth"",""1   teaspoon    fresh ginger, minced "",""2       garlic cloves, minced "",""2   teaspoons    Splenda sugar substitute"",""1   teaspoon    cornstarch"",""2   teaspoons    vegetable oil"",""1/4  cup    red bell pepper, sliced into 2-inch strips "",""1/4  cup    green bell pepper, sliced into 2-inch strips ""]",1 (320 g),2,"['Mix 1 teaspoons cornstarch and 1 tablespoons soy sauce in a small bowl. Add sliced chicken tenders. Place in refrigerator and marinate for 10 minutes.', 'Stir the lemon juice, 1/4 cup soy sauce, chicken broth, ginger, garlic, Splenda and 1 teaspoons cornstarch together in a medium sized mixing bowl.', 'Heat oil in a medium size frying pan. Add chicken and cook over med. high heat for 3-4 minutes or until just done. Add sauce and sliced peppers. Cook 1-2 minutes more or until sauce thickens and peppers are slightly tender.', 'Serve with rice or Asian noodles.']","diabetic, low-calorie, healthy, low-carb, low-fat, dinner, chicken",dinner,589,13,71.7,12.17317435,2.20713073,5.54,31.68,9.7
89276,Kiwi Strawberry Patch,"['ice', 'strawberry liqueur', 'rum', 'margarita mix concentrate']","[""1   cup    ice"",""1   ounce   kiwi strawberry liqueur"",""1/2  ounce    rum"",""4   ounces   frozen margarita mix concentrate""]",1 (251 g),1,"['Combine all ingredients in a blender&amp; blend until slushy.', 'Pour into a margarita glass&amp; garnish with a slice of fresh strawberry or lime.']","dinner, vegetarian",dinner,9,0.1,0.2,2.222222255,1.111111128,5.55,35.75,9.83
428881,Childhood Favorite Potato Salad on Baguette,"['potatoes', 'miracle whip light', 'celery ribs', 'hardboiled egg', 'baguette', 'mustard', 'ketchup', 'salt and pepper']","[""3   ounces    potatoes, cooked and chunked "",""1 1/2  tablespoons    Miracle Whip light"",""2       celery ribs, diced "",""1       hardboiled egg, chopped "",""1/4  loaf    baguette (about 4 thin slices)"",""  mustard"",""  ketchup"",""  salt and pepper""]",1 (202 g),2,"['Mix potatoes, miracle whip, celery and egg to combine.', 'Toast baguette slices until golden brown.', 'Divide and spoon mixture on top of each slice.', 'Serve immediately and enjoy!', 'Note: Optional condiments are suggestions, feel free to use other condiments to your own personal liking. My dad always adds freshly ground black pepper on his salad at the end, after he mixes it.']","healthy, lunch, salad",lunch,224,8,11.4,5.089285544,3.571428571,5.57,35.94,9.85
339075,Sneak in the Veggies Smoothie,"['mango', 'cranberries', 'spinach', 'carrot', 'asian pear', 'oats', 'vanilla', 'milk', 'ice cubes']","[""1/2  cup    mango"",""1/2  cup    cranberries, fresh "",""1/2  cup    spinach"",""1       carrot"",""1       Asian pear"",""1/4  cup    oats, uncooked "",""1/2  teaspoon    vanilla"",""1/2  cup    milk"",""3       ice cubes""]",1 (278 g),2,"['place all ingredients into the blender, except for the ice.  blend until smooth, place ice cubes in blender and blend until smooth, serve.']","low-calorie, low-sodium, vegetarian, healthy, low-fat, breakfast",breakfast,256,4.7,9.9,3.867187351,1.835937425,5.77,36.55,10.1
15957,Skid Mark,"['kahlua', 'baileys irish cream', 'guinness stout']","[""10   ml    Kahlua"",""10   ml    Baileys Irish Cream"",""15   ml    Guinness stout""]",1 (207 g),1,"['Layer all the ingredients in the order presented.', 'Admire your fantastic (or not so fantastic) pouring abilities.', 'Drink.']","low-calorie, low-sodium, healthy, low-carb, low-fat, dinner",dinner,320,12,10,3.125,3.75,5.79,37.98,10.14
157478,Liverwurst Sandwich,"['liverwurst', 'onions', 'butter', 'mayonnaise', 'yellow mustard', 'bread', 'salt %26 pepper']","[""2   slices    liverwurst"",""2   slices    onions"",""1   teaspoon    butter"",""1   teaspoon    mayonnaise"",""1   teaspoon    yellow mustard"",""2   slices    bread"",""  salt \u0026 pepper, to taste ""]",1 (62 g),1,"['Butter both sides of bread and toast until brown in toaster or in a 350 degree oven.', 'Spread mayonnaise on one slice of bread and top with onions and liverwurst.  Season with salt and pepper.', 'Spread mustard on other slice of bread and place on top of onions and liverwurst.', 'Smash down and enjoy.']","sandwich, lunch",lunch,287,10.3,7.4,2.578397246,3.588850241,5.93,38.36,10.2
42978,Eggs &amp; Rice,"['rice', 'butter', 'eggs', 'salt and pepper']","[""  rice (left over)"",""1 -2   tablespoon    butter"",""3 -4       eggs"",""  salt and pepper""]",1 (74 g),2,"['Melt butter in a skillet.', 'Add left over rice.', 'Make sure rice is well heated and coated with butter.', 'Whisk eggs in a bowl then pour into the skillet.', ""Scramble the mixture until you feel it's done.""]","rice, low-calorie, low-sodium, low-carb, southern, breakfast",breakfast,672,57.3,21.8,3.244047506,8.526785601,5.96,38.89,10.25
533481,Tortilla Chips Recipe,"['corn tortillas', 'vegetable oil', 'lime juice', 'ground cumin', 'chili powder', 'salt']","[""1 (12   ounce) package   corn tortillas"",""1   tablespoon    vegetable oil"",""3   tablespoons    lime juice"",""1   teaspoon    ground cumin"",""1   teaspoon    chili powder"",""1   teaspoon    salt""]",1 (68 g),6,"['The oven must be at a low degree.', 'Cut tortillas into several chips sized wedges and assert the wedges in a layer on a cooking sheet.', 'In a blender, whisk the oil with lemon juice. Mix well and spray the wedges until lightly damp.', 'In a small bowl combine the chili powder, cumin, and salt on the chips.', 'Bake for about ten minutes. Revolve the pan and continue baking for another ten minutes. Be careful that the chip does not become too brown.', 'Serve with garnishes or salsas.']","healthy, snack",snack,60,3.4,1,1.666666667,5.666666826,6,39.7,10.43
411209,Creamy Chicken Casserole,"['instant rice', 'onion', 'butter', 'cottage cheese', 'french onion dip', 'sour cream', 'salt', 'pepper', 'cooked chicken breast', 'shredded cheddar cheese']","[""2/3  cup   uncooked instant rice"",""1/4  cup    onion, chopped "",""2   teaspoons    butter"",""1/2  cup    cottage cheese, 4% "",""1/3  cup    French onion dip"",""3   tablespoons    sour cream"",""1/4  teaspoon    salt"",""1   dash    pepper"",""1/2  cup    cooked chicken breast, cubed "",""1/2  cup    shredded cheddar cheese""]",1 (190 g),2,"['Cook rice according to package directions.', 'In a small skillet, saute onion in butter until tender; set aside.', 'In a small bowl, combine cottage cheese, onion dip, sour cream, salt and pepper.  Stir in rice &amp; onion.', 'Spread half of the rice mixture into a 3 cup baking dish coated cooking spray. Layer with chicken, 1/4 c cheddar cheese. Top with remaining rice mixture. Sprinkle with remaining cheese.', 'Bake uncovered at 360 for 25-30 minutes or until bubbly.']","casserole, dinner, chicken",dinner,627,33.6,44.1,7.03349258,5.358851431,6.22,41.85,10.48
170104,Tangy Orange Cheese,"['cream cheese', 'powdered sugar', 'cointreau liqueur', 'orange zest', 'frozen orange juice concentrate']","[""2 (8   ounce) packages   cream cheese, room temperature "",""1/2  cup    powdered sugar"",""2   tablespoons    Cointreau liqueur"",""2   tablespoons    orange zest"",""2   tablespoons    frozen orange juice concentrate""]",1 (560 g),1,"['Combine cream cheese, sugar, orange peel, Cointreau and orange juice concentrate in large bowl and blend thoroughly.', 'Cover tightly and refrigerate overnight before using.']","appetizer, dinner",dinner,1178,68.1,12.5,1.061120543,5.78098459,6.3,42.55,10.5
239807,Bertha's French Toast,"['egg yolk', 'egg', 'evaporated milk', 'sugar', 'cinnamon', 'hawaiian bread']","[""1       egg yolk, beaten "",""1       egg"",""3/4  cup    evaporated milk"",""1/4  cup    sugar"",""  cinnamon"",""8   ounces    Hawaiian bread, sliced in 3/4- to 1-inch thick slices  (1/2 a 16 oz loaf)""]",1 (76 g),2,"['Mix first 5 ingredients - whisk until well-blended.', ""Dip each slice making sure each side gets a good soak (you'll have to acquire a feel for how you like it - too long and it's to soggy, too short and it's too dry)."", 'Place slice on non-stick / greased griddle (or frying pan) over medium to medium high heat.', 'Flip when golden brown on one side.', 'Done when golden brown on both sides.', 'Repeat and enjoy!']","french, breakfast, bread",breakfast,830,26.2,29.5,3.554216867,3.156626598,6.38,42.56,10.93
207680,Tortellini Soup,"['chicken broth', 'pepper', 'carrot', 'celery', 'frozen cheese tortellini', 'dried parsley flakes']","[""2 (14 1/2  ounce) cans   chicken broth"",""1/8  teaspoon    pepper"",""1/2  cup    carrot, chopped "",""1/2  cup    celery, sliced "",""2   ounces    frozen cheese tortellini"",""1   teaspoon    dried parsley flakes""]",1 (263 g),4,"['In medium saucepan mix broth, pepper, carrot and celery.', 'Over medium-high heat, heat to a boil.', 'Add tortellini.', 'Reduce heat to medium.', 'Cook 15 minutes or until tortellini is done, stirring occasionally.', 'Stir in parsley.', 'Serve.']","low-calorie, lunch, healthy, low-carb, low-fat, soup",lunch,156,6.5,19.5,12.5,4.166666667,6.66,43.04,11
158603,Salmon Patties,"['salmon', 'cracker crumb', 'miracle whip', 'egg', 'onion', 'old bay seasoning', 'salt', 'cornmeal']","[""1 (15   ounce) can   salmon, deboned "",""1   cup   fat free cracker crumb"",""1/2  cup    Miracle Whip or 1/2  cup    mayonnaise"",""1       egg, beaten "",""1/4  cup    onion, sauteed "",""1   teaspoon    Old Bay Seasoning"",""1/2  teaspoon    salt"",""1/4  cup    cornmeal""]",1 (791 g),1,"['Mix all ingredients except the cornmeal and shape into patties.', 'Dredge or coat patties in the cornmeal and fry in a hot skillet with Crisco or lard.', 'Cook until golden brown and crispy.', 'Serve with tarter sauce or we like them with salsa.']",dinner,dinner,1420,116.2,39.7,2.795774702,8.183098377,6.79,44.07,11.05
462320,Fried Trout,"['trout', 'oil', 'butter', 'lemon', 'vinegar']","[""1       trout"",""1   teaspoon    oil"",""1/2  ounce    butter"",""1   slice    lemon"",""  vinegar""]",1 (188 g),1,"['Clean the fish by removing its head, entrails, fins, and gills. (The fishmonger will usually do this for you. Frozen fish is already cleaned).', 'Heat the oil and butter in a frying pan, and fry the fish over a moderate heat, for about 5 minutes on each side.', 'Serve with a slice of lemon, or vinegar, and brown or French bread and butter.']","fish, dinner, low-sodium, low-carb",dinner,167,15.9,0.5,0.299401198,9.520957855,7.27,45.21,11.09
236805,Vicky's Italian Meat Sauce,"['ground beef', 'red bell pepper', 'olive oil', 'tomato paste', 'tomato sauce', 'tomatoes', 'garlic powder', 'italian seasoning', 'oregano', 'sugar', 'salt and pepper', 'cooked rice']","[""1   lb    ground beef or 1   lb    ground turkey"",""1/2      red bell pepper, diced "",""1   tablespoon    olive oil"",""1 (6   ounce) can   tomato paste"",""1 1/2  cups    tomato sauce"",""1   small    tomatoes, diced "",""2   teaspoons    garlic powder"",""2   teaspoons    italian seasoning"",""2   teaspoons    oregano"",""1   tablespoon    sugar"",""  salt and pepper"","" hot cooked rice""]",1 (589 g),2,"['-Brown ground beef or turkey with red pepper and onion until tender in olive oil --  drain off grease.', '-Add tomato sauce and paste, diced tomato and seasonings, stirring occasionally over med heat until well blended.', '-Reduce heat to low, and simmer for 10 minute.', '-When heated through, spoon over hot, cooked rice and serve garlic bread or a nice salad along side.']",dinner,dinner,626,28.9,54.8,8.753993488,4.616613358,7.63,45.67,11.15
398114,Pinktini,"['pink grapefruit schnapps', 'vodka']","[""2   ounces    pink grapefruit schnapps"",""2   ounces    vodka, premium ""]",1 (60 g),1,"['Mix in a shaker with ice.', 'Pour into a martini glass.']",dinner,dinner,18,0.1,0.3,1.666666733,0.555555564,7.71,46.96,11.31
206308,Asparagus Appetizer Roll-Ups,"['white bread', 'soft cream cheese', 'green onions', 'cooked bacon', 'asparagus spears', 'butter', 'parmesan cheese']","[""12   slices    white bread, with crusts removed "",""1 (8   ounce) container   soft cream cheese"",""2   tablespoons   chopped green onions"",""8   slices    cooked bacon, crumbled "",""24      fresh asparagus spears"",""1/4  cup    butter, melted "",""3   tablespoons   grated parmesan cheese""]",1 (86 g),12,"['Flatten bread with a rolling pin.', 'In a small bowl, combine cream cheese, onions and bacon. Spread mixture over bread slices.', 'Cut asparagus to fit bread; place 2 spears on each bread slice. Roll up bread slice and place seam side down on a greased baking sheet. Brush with butter; then sprinkle with Parmesan cheese.', 'Bake at 400º for 10-12 minutes or until lightly browned', 'Serve immediately.']","appetizer, lunch",lunch,309,17.5,16.5,5.339805825,5.663430421,8.16,51.11,11.49
518321,Applesauce,"['apples', 'water', 'cinnamon', 'sugar']","[""5       apples"",""3 1/2  cups    water"",""1   teaspoon    cinnamon"",""1   tablespoon    sugar""]",1 (219 g),8,"['Peel, core, and slice each apple into 8 pieces.', 'Put apples in saucepan with water, cinnamon, and sugar.', 'Cover and simmer until apples are tender, about 30 minutes.', 'Mash and stir every 5 minutes.', 'Allow applesauce to cool.', 'Enjoy!']","low-calorie, low-sodium, healthy, low-carb, low-fat, snack",snack,41,0.1,0.2,0.487804885,0.243902443,8.25,51.72,11.54
180305,Kittencal's Italian-Style Bread,"['dry yeast', 'sugar', 'warm water', 'all-purpose white flour', 'cornmeal', 'sugar', 'olive oil', 'salt', 'cooking spray', 'cornmeal']","[""3   teaspoons    dry yeast"",""1   teaspoon    sugar"",""1 1/4  cups    warm water"",""3   cups    all-purpose white flour (more if needed, use bread flour for U.S.)"",""3   tablespoons    cornmeal (can use yellow or white cornmeal)"",""2   teaspoons    sugar"",""2   tablespoons    olive oil"",""1   teaspoon    salt"",""  cooking spray"",""2   tablespoons    cornmeal""]",1 (766 g),1,"['Prepare a heavy-duty stand mixer with the kneading attachment.', 'Pour in 2-1/2 cups flour, cornmeal, 2 teaspoons sugar, olive oil and salt into the stainless steel mixing bowl.', 'In a measuring cup proof the yeast with 1-1/4 cups warm water and 1 teaspoon sugar for about 8-10 minutes or until foamy.', 'Pour the water/yeast mixture into the bowl with the flour mixture in it, then start kneading adding in more flour 1 tablespoon at a time until the dough leaves the sides of the bowl, and dough is soft and smooth not sticky and wet (kneading should take about 6-8 minutes).', 'Transfer the dough into an oiled bowl.', 'Cover and let rise in a warm place for about 45-50 minutes, or until doubled (watch the dough closely since you are using a smaller amount of flour, and using 3 teaspoons of yeast, the dough rises a little quicker!).', 'Punch down; cover and let rest for about 10-12 minutes in the bowl (this is important, the dough must rest for 10-12 minutes after punching down and before shaping!).', 'Transfer the dough onto a lightly-floured surface and evenly divide in half.', 'Shape each half into a thin 10-12-inch long loaf (or you can shape in one thicker shorter loaf if desired).', 'Place the shaped loaves onto a 15 x 10-inch baking sheet that has been lighly greased and then sprinkled with about 2 tablespoons cornmeal.', 'Cover with a clean tea towel and let rise for about 25-30 minutes.', 'Spray the tops of the bread with cooking spray (I use Pam olive oil spray for this).', 'Bake at 400°F for about 20-22 minutes for 2 small long loaves, or until golden brown (adjust baking time longer for 1 large loaf).', 'Cool on a wire rack.']","dinner, bread",dinner,3243,42.1,98.5,3.037311132,1.29818065,8.53,51.74,11.56
455682,Digestive Biscuits,"['whole wheat flour', 'all-purpose flour', 'baking powder', 'baking soda', 'cream of tartar', 'wheat bran', 'butter', 'brown sugar', 'crisco', 'vanilla', 'half-and-half cream']","[""3/4  cup    whole wheat flour"",""1/4  cup    all-purpose flour"",""1/2  teaspoon    baking powder"",""1/4  teaspoon    baking soda"",""1/4  teaspoon    cream of tartar"",""1/4  cup    wheat bran"",""4   tablespoons    butter"",""5   tablespoons    brown sugar"",""1   tablespoon    Crisco"",""1/2  teaspoon    vanilla"",""3   tablespoons    half-and-half cream""]",1 (40 g),6,"['Preheat oven to 350°F.', 'In a large bowl, mix together the flours, bran, baking powder, baking soda, and cream of tartar with a pastry blender. Mix in sugar with the pastry blender. Mix in fats with the pastry blender. The mix at this point should be crumbly and uniform. Mix the vanilla in the half-n-half and add to the mix. Mix with pastry blender until it is uniform and resembles really soft playdoh.', 'You can at this point refrigerate for 20 minutes to make the dough easier to handle, but it is not necessary. Be sure to roll out dough between two pieces of waxed paper! Roll to approximately 1/8"" thickness. Cut into rounds with cookie cutter about 2 1/2 inches in diameter (I used the ring off one of my canning jars).', 'Transfer to cookie sheets or baking stone and prick with a fork. Bake 15 to 18 minutes (adjust the baking time up to dry them out more if the biscuits are too soft and fluffy), or until golden. Let cool on wire rack.', 'Optional: spread the backs of the cooled biscuits with melted semi-sweet chocolate (as in chips - almost everyone has these for chocolate chip cookies). Set the biscuits chocolate side up on the rack until chocolate hardens.', 'Store in an airtight tin -if storage is even necessary! They will go fast.']","dessert, english, bread, irish, scottish, snack",snack,284,9.1,6.6,2.323943628,3.204225486,8.61,52.47,11.57
522035,Indian Style Energy Bars,"['puffed rice cereal', 'oats', 'corn flakes', 'dates', 'mixed nuts', 'jaggery', 'water', 'ghee']","[""2   cups    puffed rice cereal"",""1   cup    oats"",""1   cup    corn flakes"",""1   cup    dates, deseeded and chopped "",""4   cups   crushed mixed nuts, of your choice "",""1   cup    jaggery"",""1   cup    water"",""1/4  cup    ghee""]",1 (34 g),40,"['Mix together all dates and nuts. You can add chocolate chips, raisins, peanut butter etc. Here I added almonds, pistachios, melon seeds, dates, peanuts, walnuts.', 'Now break the jaggery into small pcs, this will help in easy melting of jaggery.', 'Take a large pot and add half cup water and crushed jaggery. Cook on low heat, until all jaggery pcs have melt down, forming a syrup like consistency.', 'Add ghee now and cook for 1 minute, keep stirring.', 'Now add nuts mixture to the syrup, mix in very well in order to let jaggery syrup coat all nuts. In case it seems dry add water to make it all stick together.', 'Turn off heat now.', 'Now pour it out onto a cookie sheet, spread evenly.  Let cool for a minute and cutout shape as desired.  I have made simple rectangles, like bars.', 'Let it cool at room temprature. Will turn hard as it dries.']",snack,snack,61,0.5,1.7,2.786885324,0.819672131,8.64,52.83,11.61
420744,"Red Lentil, Chickpea (Garbanzo) &amp; Chili Soup","['cumin seeds', 'chili flakes', 'olive oil', 'red onion', 'split red lentils', 'vegetable stock', 'chopped tomatoes', 'chickpeas', 'cilantro', 'greek yogurt']","[""2   teaspoons    cumin seeds"",""1   large   pinch chili flakes"",""1   tablespoon    olive oil"",""1       red onion, chopped "",""5   ounces    split red lentils"",""3 1/2  cups    vegetable stock"",""1 (14   ounce) can   chopped tomatoes"",""7   ounces   cooked chickpeas, drained and rinsed "",""1/2  ounce    cilantro, chopped "",""4   tablespoons   0% Greek yogurt, to serve ""]",1 (219 g),4,"['Heat a large saucepan and dry fry the cumin seeds and chili flakes for 1 min or until they start to jump around the pan and release their aromas.', 'Add the oil and onion, and cook for 5 minutes', 'Stir in the lentils, stock and tomatoes, then bring to the boil. Simmer for 15 mins until the lentils have softened.', 'Whizz the soup with a stick blender or in a food processor until it is a rough puree, pour back into the pan and add the chickpeas.', 'Heat gently, season well and stir in the cilantro.', 'Finish with a spoonful of the greek yogurt.']","soup, vegetarian, lunch",lunch,198,6.3,12,6.060606061,3.181818278,9.16,53.68,11.96
233004,Corsican Omelette,"['eggs', 'salt and pepper', 'unsalted butter', 'fresh mint leaves', 'chevre cheese']","[""3       eggs"",""  salt and pepper"",""1   tablespoon    unsalted butter"",""3   sprigs    fresh mint leaves, shredded "",""4   ounces    chevre cheese""]",1 (278 g),1,"['Beat the eggs and season with salt and pepper. Melt the butter in a frying pan approximately 10 inches in diameter.', 'When the butter has melted and is bubbling, throw in most of the shredded mint, saving some for sprinkling on top at the end. When it has sizzled in the butter and become vibrantly green, pour in the beaten eggs and tip the egg around the pan.', 'Crumble the cheese over the omelette and cook, lifting the sides and swilling the pan around to let any runny egg cook in the heat underneath.', 'When the top of the omelette looks nearly set but still gooey, fold into thirds lengthwise — in other words, fold in two sides, leaving a strip of white-blobbed omelette facing up in a strip in the middle — and slide onto a plate. Sprinkle with the reserved mint and eat.']","french, breakfast",breakfast,1054,82.4,68.1,6.461100424,7.817836957,9.28,55.8,12.33
433876,Brown Butter Banana Bread,"['butter', 'flour', 'brown sugar', 'baking powder', 'baking soda', 'salt', 'bananas', 'eggs', 'vanilla extract']","[""8   tablespoons    butter"",""2   cups    flour (I actually used 10 ounces)"",""3/4  cup    brown sugar"",""1   teaspoon    baking powder"",""1/4  teaspoon    baking soda"",""1/2  teaspoon    salt"",""4       bananas (equal to about 13 ounces)"",""2       eggs"",""1   teaspoon    vanilla extract""]",1 (111 g),10,"['Preheat the oven to 350 degrees and grease an 8 inch loaf pan.', 'In a medium saucepan over high melt the butter. Once it is melted lower the heat to medium and swirl the butter around the pan instead of stirring it. It will take about 5 minutes for it to brown. Occasionally swirl it. You will notice when it turns brown because it literally, turns brown. Remove the pan from the heat and allow to cool while getting everything else ready.', 'In a large bowl sift the flour, sugar, baking powder, baking soda and salt.', 'In another bowl whisk the eggs then add the mashed bananas, vanilla and the semi-cooled butter.', ""Add the liquid to the dry mixture. Mix just until incorporated, don't over mix. I only used maybe less then 15-20 stirs. Pour the batter into the greased loaf pan."", 'Bake at 350 degrees for 60-70 minutes, until it is browned on top and a fork inserted comes out clean. Cool for at least 15 minute sin the pan before cutting and serving.', 'Cut loaf into 10 slices and serve, warm, with extra butter?!']","bread, snack",snack,397,12.5,7.9,1.989924457,3.14861461,9.47,56.74,12.56
185229,Springbok,"['green creme de menthe', 'amarula cream liqueur']","[""1   ounce    green creme de menthe"",""1   ounce    Amarula cream liqueur""]",1 (28 g),1,"['Layer ingredients together the Creme de Menthe, then the Amarula.']",dinner,dinner,320,12,10,3.125,3.75,9.54,57.84,12.82
165864,Chicken With Apricot and Bacon,"['pancetta', 'olive oil', 'chicken breast halves', 'dried apricots', 'white wine', 'chicken broth']","[""4   slices    pancetta or 4   slices    bacon"",""1   tablespoon    olive oil"",""2       chicken breast halves"",""8       dried apricots"",""1/2  cup    white wine"",""1/2  cup    chicken broth""]",1 (227 g),2,"['Cook pancetta in saucepan over medium high heat until fat is rendered and pancetta is done to your liking.', 'Pour off all but 1 T grease.  Add olive oil into the same pan.', 'Cut each breast half in half.  You will have 4 pieces of chicken.  Season chicken with salt and pepper and place in hot pan.  Sear 5 minutes on both sides.  Remove chicken from pan.', 'Add white wine to pan to deglaze.  Scrape up bits off the bottom off pan.  Stir in chicken broth.', 'Add apricot and chicken with any juices.  Cover and simmer until liquid is reduced by half, apricots are plump and chicken is done, about 10 minutes.', 'Place chicken on plate, top with pancetta and apricots, pour sauce over all.']","dinner, chicken",dinner,898,40.1,77.5,8.630289532,4.465478672,10.16,60.05,13.09
498825,Almonds Diablo - 4g Net Carbs,"['almonds', 'butter', 'cayenne pepper', 'tabasco sauce']","[""20   ounces   whole raw almonds (about 4 cups)"",""1/2  cup    butter, melted "",""1 1/2  teaspoons    cayenne pepper"",""1   tablespoon    Tabasco sauce""]",1 (45 g),16,"['Add nuts to crockpot.', 'In small bowl, combine remaining ingredients and mix well.', 'Pour the mixture over the almonds and stir to coat.', 'Cover and cook on low for 2 hours.', 'Stir several times during cooking.']",snack,snack,257,23.6,7.4,2.879377469,9.182879526,10.43,61.2,13.4
446886,Jamie's Christmas Jerk Ham,"['ham', 'whole black peppercorn', 'red onion', 'chilies', 'whole cloves', 'celery', 'leek', 'thyme', 'cinnamon stick', 'fresh bay leaves', 'cinnamon', 'allspice', 'clove', 'ground nutmeg', 'sea salt', 'fresh ground black pepper', 'garlic cloves', 'red onions', 'chilies', 'dark rum', 'malt vinegar', 'thyme', 'marmalade', 'golden rum']","["""",""1 (5   kg)   leg ham"",""1   tablespoon    whole black peppercorn"",""1       red onion, peeled and cut into wedges "",""6      scotch bonnet chilies, halved "",""2   teaspoons    whole cloves"",""1   stick    celery, roughly chopped "",""1       leek, roughly chopped "",""1/2  bunch    thyme"",""1       cinnamon stick"","""",""6       fresh bay leaves"",""2   tablespoons    cinnamon"",""2   tablespoons    allspice"",""1   tablespoon    clove"",""2   tablespoons    ground nutmeg"",""1   tablespoon    sea salt"",""1   tablespoon    fresh ground black pepper"",""8       garlic cloves, peeled and chopped "",""2       red onions, peeled and quartered "",""8      scotch bonnet chilies, stalks removed "",""250   ml    dark rum"",""250   ml    malt vinegar"",""1   small   bunch thyme, leaves picked "","""",""3/4  jar   fine cut marmalade"",""125   ml    golden rum""]",1 (6913 g),1,"['Preheat the oven to 180/350 degrees/gas 4. Put the ham in a large roasting pan with all of the poaching ingredients. Add water until it comes halfway up the side of the pan. Cover the ham with tinfoil ( making a tent over the ham to allow the steam to circulate).', 'Bake for two hours or until pink and cooked through, remove from the oven and let cool for 30 minutes, remaining covered.', 'While your ham poaches add the bay leaves and the dry spices to a food processor with the garlic cloves. Whizz it to form a paste then add the onions and chillies and whizz again.Pour in the rum and malt vinegar and keep whizzing while adding the thyme. Once it has a nice loose consistency the marinade is ready.', ""When the ham has had it's 30 mins out of the oven, transfer it to a roasting tray and let it cool down a bit. While it's still warm, put your hand underneath the skin and gently pull it away from the meat, leaving a bit of the fat underneath attached. Then with a sharp knife, score the ham by lightly making diagonal cuts across the leg."", ""Spoon the marinade over the pork (using the back of a spoon,it's hot stuff!) and into the scored fat. If you want to use your hands to rub it in PLEASE wear gloves!"", 'You can cover the ham with cling film and chill it overnight if you wish, or cook right away.', 'Pour a small glass of water into the bottom of the roasting tray and put the ham into the preheated oven for 2 hours (350/180 degrees). Try to baste it every 30 mins or so to get it good and dark.', 'After the two hours are up, scrape a bit of the marinade off with a spatula ans spoon about 3/4 jar of marmalade over it and a good swig of rum on top. Smear this mixture all over the ham and let it drip down the sides too. Spoon the juices off the bottom of the pan back over the ham and put it back in the oven for another 30 minutes, basting every 5-7 minutes to build up the crust.', ""When it's lovely and dark, it's done!""]","pork, dinner, caribbean",dinner,2789,23.5,88.5,3.173180351,0.842595913,10.52,61.64,13.46
198511,Bea's Fruity Smoothie,"['banana', 'cranberry-raspberry juice', 'pina colada nonalcoholic drink mix', 'ice']","[""1   small    banana"",""4   ounces    cranberry-raspberry juice"",""5   ounces    pina colada nonalcoholic drink mix"",""1   cup    ice""]",1 (338 g),1,"['Mix all ingredients together in a blender until ice is completely chopped.', 'Chill in refrigerator until ready to drink.']",breakfast,breakfast,129,1,2.2,1.705426394,0.775193798,10.54,62.18,13.84
470952,Cherry-Almond Snack Mix,"['cereal', 'sliced almonds', 'butter', 'apple pie spice', 'salt', 'dried cherries']","[""4   cups   sweetened oat square cereal"",""1/2  cup    sliced almonds"",""2   tablespoons    butter, melted "",""1/2  teaspoon    apple pie spice"",""1   dash    salt"",""1   cup    dried cherries or 1   cup    golden raisin""]",1 (7 g),10,"['Preheat oven to 300. In a 15x10x1-inch baking pan, combine cereal and almonds. In a small bowl, stir together melted butter, apple pie spice, and salt. Drizzle butter mixture onto cereal mixture; toss to coat cereal and almonds evenly.', 'Bake about 20 minutes or until almonds are toasted, stirring once during baking. Cool snack mix in pan on a wire rack for 20 minutes.', 'Stir in cherries. Cool completely.', 'Make-Ahead Directions: Prepare snack mix as directed through step 3. Cover and store at room temperture for up to one week.']","diabetic, snack",snack,163,8.6,3.3,2.024539848,5.276073854,10.66,68.1,13.93
326371,Mediterranean Inspired Flatbread Pizza,"['flat bread', 'olive oil', 'fresh garlic', 'mozzarella cheese', 'feta cheese', 'red onion', 'fresh spinach', 'italian sausage']","[""1       flat bread (I use flatout wraps)"",""1/2  tablespoon    olive oil"",""1   tablespoon    fresh garlic"",""3   ounces    mozzarella cheese, grated  (about 3/4 cup)"",""2   ounces    feta cheese (about 1/4 cup)"",""1/4  cup    red onion, sliced thinly "",""1/2  cup    fresh spinach, chopped "",""1       Italian sausage, cooked and diced  (optional!)""]",1 (299 g),1,"['Drizzle olive oil over flatbread.', 'Add garlic and cheeses, onion, then spinach, then sausage.', 'Bake in a 400 degree oven until the cheese melts (about 5-10 mins).']","pizza, dinner, vegetarian",dinner,1176,69.1,67.6,5.74829919,5.87585021,11.16,69.57,13.94
518763,Tuscan Hummus,"['cannellini beans', 'sun-dried tomato', 'olive oil', 'lemon juice', 'dried oregano']","[""1 (15   ounce) can   cannellini beans"",""1/4  cup    sun-dried tomato"",""2   tablespoons    olive oil"",""2   tablespoons    lemon juice"",""1   teaspoon    dried oregano""]",1 (497 g),1,"['Rinse and drain the cannellini beans.', 'Combine all ingredients in a food processor or blender and puree to desired consistency.', 'To thin, add 1 tbsp water at a time.']","appetizer, diabetic, dinner, italian",dinner,554,32.4,17.1,3.086642668,5.848375727,11.27,72.12,14.26
364920,"Ziti With Asparagus, Smoked Mozzarella and Prosciutto","['asparagus', 'ziti pasta', 'olive oil', 'garlic cloves', 'salt', 'fresh ground black pepper', 'prosciutto', 'smoked mozzarella cheese', 'fresh basil leaves']","[""1   lb    asparagus, chopped to 1 1/2 inch pieces "",""8   ounces    ziti pasta"",""2   tablespoons    olive oil"",""2       garlic cloves, minced "",""  salt, to taste "",""  fresh ground black pepper, to taste "",""3   ounces    prosciutto, thinly sliced then cut crosswise into strips "",""3   ounces    smoked mozzarella cheese, diced  (about 1/2 cup)"",""3   tablespoons    fresh basil leaves, thinly sliced ""]",1 (202 g),2,"['Following the directions on package, cook the ziti in a large pot of salted boiling water. 2 minutes before the ziti is done, add chopped asparagus to the pasta and water.  When ziti is done, drain, reserving 1 cup of pasta water.', 'Heat the oil in a heavy large skillet over medium heat. Add the garlic and saute until fragrant, about 20 seconds.', 'Add asparagus and pasta to the skillet. If needed, add some of the reserved cooking liquid. (I used almost all of it.) Toss to coat.', 'Add the prosciutto, mozzarella, and basil, and toss to combine. Turn off the heat. Season with salt and pepper, to taste, and serve.']","dinner, pasta",dinner,746,25.5,34.9,4.678284387,3.418230563,12.07,74.49,14.76
480489,Spicy Buffalo Chicken Sandwich,"['boneless skinless chicken breast', 'butter', 'cream cheese', 'shredded cheddar cheese', 'hot sauce', 'garlic powder', 'salt', 'pepper', 'celery', 'blue cheese dressing', 'sandwich buns']","[""3/4  lb    boneless skinless chicken breast, cooked and shredded "",""2   tablespoons    butter"",""2   ounces    cream cheese, softened "",""1/4  cup    shredded cheddar cheese"",""3   tablespoons    hot sauce, to taste "",""1/8  teaspoon    garlic powder"",""1/8  teaspoon    salt, to taste "",""1/8  teaspoon    pepper, to taste "",""4   stalks    celery, chopped "",""1/4  cup    blue cheese dressing, to taste "",""3       sandwich buns, lightly toasted ""]",1 (846 g),1,"['Heat the butter a large skillet over medium heat.  Add the shredded chicken.  Sprinkle with garlic powder and season with salt and pepper, to taste.', 'Stir in the cream cheese and cheddar cheese, until melted.  Add the hot sauce, tasting and adjusting to your heat preference (3 tbsp is the perfect amount for my family).', 'Arrange the sandwich.  Scoop a generous amount of the buffalo chicken mixture on a bun.  Pour blue cheese over all and top with chopped celery.', 'Serve with a side of celery sticks and carrot sticks with blue cheese dressing.', 'Enjoy!']","sandwich, lunch, chicken",lunch,1454,93.3,138.2,9.504814095,6.416781503,12.66,78.17,15.29
60554,Pimiento Cheese Salad or Sandwich Spread,"['sharp cheddar cheese', 'pimiento', 'onion', 'mayonnaise', 'salt', 'garlic paste']","[""1   package    sharp cheddar cheese"",""1   can    pimiento, drained and julienned "",""1/2-1       onion, finely minced "",""  mayonnaise"",""  salt"",""  garlic paste""]",1 (35 g),8,"['grate cheddar into a bowl.', 'add slivers of pimiento.', 'add minced onion.', 'stir in mayonnaise, salt and garlic paste to taste.', 'cover and refrigerate to let flavors meld.']","sandwich, lunch, salad",lunch,232,19.8,8.8,3.79310353,8.53448243,13.36,82.05,16.37
510307,Vintage Tuna Salad,"['mayonnaise', 'sweet pickle', 'celery', 'red onion', 'tuna', 'salt and pepper']","[""1/4  cup    mayonnaise"",""1 -2   tablespoon   finely chopped sweet pickle"",""1   tablespoon   finely diced celery"",""1   tablespoon   finely diced red onion"",""1 (6   ounce) can   tuna, drained and flaked "",""  salt and pepper""]",1 (197 g),1,"['In medium bowl, combine all ingredients.']","low-carb, lunch, salad",lunch,631,51.3,31.9,5.055467451,8.129952336,13.62,82.73,16.75
298295,The BBQ Big Mouth Sandwich,"['bacon', 'lemon pepper', 'garlic flakes', 'bread', 'barbecued beef', 'ham', 'coleslaw', 'cheddar cheese', 'brown mustard', 'blue cheese dressing']","[""2   slices    bacon, cut in half fried "",""1/4  teaspoon    lemon pepper or 1/4  teaspoon    lime pepper, to taste "",""1/4  teaspoon    garlic flakes"",""4   slices    bread, of choice, toasted "",""1/4  cup    barbecued beef, \u003ca href\u003d\""https://www.geniuskitchen.com/recipe/beef-barbecue-235623\""\u003eBeef Barbecue\u003c/a\u003e "",""1/4  cup    ham, salad "",""1/4  cup    Coleslaw"",""1/4  cup    cheddar cheese, shredded "",""2   tablespoons    brown mustard, to taste "",""2   tablespoons    blue cheese dressing, to taste ""]",1 (239 g),1,"['Fry bacon on medium heat with lime pepper and garlic flakes.', 'Toast bread lightly.', 'Spread brown mustard on 2 slices and blue cheese dressing on remaining 2 slices.', 'Place beef barbecue on 1st slice of toast that has mustard on it.', 'Top with half of coleslaw.', 'On next piece of toast (one with blue cheese dressing) spread ham (or shrimp) salad.', 'Top this layer with slaw.', 'Stack on first layer.', 'On 3rd slice of toast (brown mustard) place bacon.', 'Top with cheddar cheese.', 'Layer on top of other layers.', 'Place last slice of toast, dressing side down on top of all.', 'Secure with large toothpicks.', 'Place in microwave for approximately 20 seconds, just enough to heat cheese.', 'Remove from microwave and slice diagonally.', 'Serve with chips and pickle if so desired.']","appetizer, sandwich, barbecue, lunch",lunch,1249,72,83.9,6.717374021,5.764611689,15.01,85.57,17.24
289828,Simple Chicken Asparagus Rolls,"['boneless skinless chicken breast halves', 'salt', 'pepper', 'asiago cheese', 'asparagus spears', 'vegetable oil cooking spray']","[""2       boneless skinless chicken breast halves"",""1/4  teaspoon    salt"",""1/2  teaspoon    pepper, black, freshly ground "",""1/2  cup    asiago cheese, shredded "",""8       asparagus spears, fresh "",""  vegetable oil cooking spray""]",1 (229 g),2,"['Pregeat oven to 400F degrees.', 'Spray a casserole dish with veggie spray and set aside.', 'Place chicken breasts halves between plastic sheets and pound with a mallet to about a half inch thick.  Skin side down sprinkle chicken breast with salt and pepper; sprinkle 1/4 cup cheese over each chicken breast half; lay four asparagus spears crossways on top of cheese.', 'Carefully roll chicken using tooth picks to close if necessary.', 'Lay rolls in prepared casserole dish; sprinkle with salt and pepper and spray chicken with veggie spray.', 'Bake in preheated oven for 35 to 45 minutes or until chicken is no longer pink inside.']","dinner, chicken",dinner,929,73.8,54.8,5.898815849,7.944026163,16.34,87.12,17.5
40329,Mom's Chili,"['ground beef', 'onion soup mix', 'tomato soup', 'kidney bean', 'chili powder', 'brown sugar']","[""1   lb    ground beef"",""1   package    onion soup mix"",""1   can    tomato soup"",""1   can    kidney bean"",""1   tablespoon    chili powder"",""  brown sugar""]",1 (1188 g),1,"['Brown gound beef and add package of onion soup mix.', 'Mix in tomatoe soup and kidney beans.', 'Sprinkle with chili powder mix well.', 'Add enough brown sugar until desired sweetness.', 'Cover and simmer for 30 minutes.']","dinner, low-calorie, low-carb",dinner,1705,82.8,124.4,7.296187773,4.856305164,16.46,87.53,19.44
457499,Cinnamon Polenta Pancakes,"['all-purpose flour', 'cornmeal', 'sugar', 'cinnamon', 'baking powder', 'baking soda', 'salt', 'low-fat buttermilk', 'eggs', 'olive oil', 'water']","[""1 1/4  cups    all-purpose flour"",""3/4  cup    cornmeal"",""1   tablespoon    sugar"",""1   teaspoon    cinnamon"",""1   teaspoon    baking powder"",""1/2  teaspoon    baking soda"",""1   pinch    salt"",""1   cup    low-fat buttermilk"",""2   large    eggs, beaten "",""1/4  cup    olive oil"",""1/4  cup    water""]",1 (182 g),4,"['In a bowl, whisk flour with the cornmeal, sugar, cinnamon, baking powder, baking soda, and salt.', 'In a bowl, whisk the buttermilk with the eggs, olive oil, and water.', 'Whisk the liquid ingredients into the dry ingredients, leaving small lumps.', 'Set a griddle or skillet over moderate high heat and spray it with vegetable spray.', 'When the pan is hot, spoon in 1/4 cup mounds of batter and spread to form 4 inch rounds.', 'Cook the pancakes until the bottoms are browned and bubbles appear on the surface, 2 minutes.', 'Flip and cook until browned on the bottom, 1 to 2 minutes longer.', 'Serve the pancakes warm.', 'Serve with Berry compote.']",breakfast,breakfast,750,27.8,24.9,3.319999949,3.706666565,18.24,88.1,19.59
94679,Italian Tomato and Cheese Melt,"['hoagie roll', 'plum tomatoes', 'mozzarella cheese', 'provolone cheese', 'fresh basil leaves', 'olive oil', 'garlic powder', 'black pepper']","[""1      crusty hoagie roll"",""2   small    plum tomatoes, sliced "",""3   slices    mozzarella cheese"",""3   slices    provolone cheese"",""4       fresh basil leaves"",""1   tablespoon    olive oil, approximately "",""1   pinch    garlic powder"",""  black pepper""]",1 (372 g),1,"['Drizzle open hoagie-style roll with a little olive oil (on the inside).', 'Layer evenly with tomato slices, then layer with mozzarella cheese.', 'Place basil leaves on top of mozzarella layer, drizzle with a bit more olive oil and a sprinkle of garlic powder and black pepper to taste.', 'Top with fontinella or provolone slices (or more mozzarella, if you like).', 'Broil openfaced 4 to 5 minutes or until roll is browned and cheese is bubbling.']","italian, vegetarian, lunch",lunch,1175,64.1,65.9,5.608510768,5.455319019,20.3,89.99,19.81
305791,Vietnamese Spring Rolls,"['ground lean pork', 'carrot', 'rice vermicelli', 'soy sauce', 'oyster sauce', 'minced garlic clove', 'gingerroot', 'green onions', 'egg', 'spring roll wrappers', 'cooking oil']","[""1   lb    ground lean pork"",""1   cup    carrot (finely grated)"",""1/2  cup    rice vermicelli (cooked)"",""1   tablespoon    soy sauce"",""1   tablespoon    oyster sauce"",""1       minced garlic clove (or 1/4 teaspoon garlic powder)"",""1   teaspoon   finely chopped gingerroot (or 1/4 teaspoon ground ginger)"",""2       green onions (finely chopped)"",""1   large    egg (fork beaten)"",""25       spring roll wrappers (6 inch size)"",""  cooking oil (for deep frying)""]",1 (36 g),25,"['In large bowl add first nine ingredients mixing well.', 'Place about 2 tablespoons filling in centre of each spring roll wrapper.', 'Fold bottom corner up over filling, fold in both sides.', 'Dampen edge of wrapper and roll tightly to seal', 'Repeat with remaining filling and wrappers.', 'Deep fry in hot (375 ) cooking oil in large wok or deep fryer for about five minutes, turning at half time, until golden.']","appetizer, vietnamese, lunch",lunch,107,7,6.4,5.9813085,6.542056075,22.14,91.6,22.6
96969,Fresh Peach Crepes Filling,"['cream cheese', 'granulated sugar', 'vanilla extract', 'peaches', 'butter', 'light brown sugar', 'whipping cream', 'powdered sugar']","[""2 (8   ounce) packages   cream cheese"",""1/2  cup    granulated sugar"",""2   teaspoons    vanilla extract"",""6   large   ripe peaches"",""1/2  cup    butter, softened "",""1/2  cup   firmly packed light brown sugar"",""1   cup    whipping cream"",""2   tablespoons    powdered sugar""]",1 (261 g),8,"['Beat the cheese, vanilla and sugar until smooth; add the vanilla and mix together.', 'Spread about 3 tablespoons of the mixture over the entire surface of each crepe.', 'Peel and slice the peaches; reserve a few slices to garnish each crepe.', 'Place peaches down the center of each crepe; dot with butter.', 'Sprinkle with 1 tablespoon brown sugar.', 'Roll up each crepe and place in a 13x9x2 baking dish; bake 8-10 minutes at 325ºF and top with the following topping: Combine the whipping cream and powdered sugar and beat until stiff peaks form.', 'Place the heated crepes on the serving dish and top with the whipped cream; garnish with the reserved peach slices and serve immediately.']","breakfast, low-sodium, dessert",breakfast,379,21.1,2.9,0.765171529,5.567282423,23.75,92.97,24.1
395447,Lunchbox Pasties,"['sweet potato', 'carrot', 'potato', 'frozen peas', 'corn', 'cheddar cheese', 'eggs', 'shortcrust pastry', 'sesame seeds']","[""1   small   orange sweet potato, peeled, coarsely chopped "",""1   small    carrot, peeled, finely chopped "",""1      desiree potato, peeled, finely chopped "",""1/2  cup    frozen peas"",""125   g    corn, rinsed, drained "",""1/2  cup   coarsely grated cheddar cheese"",""2       eggs, lightly whisked "",""3   sheets   ready-rolled frozen shortcrust pastry, just thawed "",""2   teaspoons    sesame seeds""]",1 (1329 g),1,"['Preheat oven to 240°C Line an oven tray with baking paper.', 'Cook sweet potato in a medium saucepan of boiling water for 10 minutes or until tender. Drain well. Transfer to a heatproof bowl. Use a fork to mash until smooth. Set aside to cool in bowl.', 'Cook carrot and potato in a medium saucepan of boiling water for 5 minutes or until tender. Drain well. Set aside for 5 minutes to cool slightly.', 'Add carrot mixture, peas, corn, cheese and 1 egg to sweet potato and stir to combine. Season with salt and pepper.', 'Use a 12cm-diameter pastry cutter to cut 12 discs from pastry sheets. Spoon vegetable mixture evenly among pastry discs. Brush edges of pastry lightly with remaining egg. Fold pastries in half to enclose filling. Use fingertips to gently press together to seal.', 'Place on the lined tray and lightly brush with remaining egg.  Sprinkle with sesame seeds.', 'Bake in oven for 15 minutes or until golden brown and cooked through. Remove from oven and set aside to cool.', 'Once completely cooled, wrap in baking paper, and store in the fridge ready for the lunchbox.']",lunch,lunch,1080,63.4,64,5.925925926,5.870370512,26.04,95.26,26.55
282859,Sandwich Sushi,"['white bread', 'creamed corn', 'smoked ham', 'carrot', 'lebanese cucumber', 'canned salmon', 'mayonnaise', 'iceberg lettuce', 'avocado']","[""8   slices    white bread or 8   slices    whole meal bread, crusts removed "",""310   g    creamed corn"",""4   slices   double smoked ham (large thin slices)"",""1   small    carrot, peeled, grated "",""1   small    lebanese cucumber, peeled cut into long strips "",""200   g    canned salmon, in oil, drained, flaked "",""2   tablespoons   whole-egg mayonnaise"",""2 -3       iceberg lettuce, washed dried, finely shredded "",""1   small    avocado, cut into long strips ""]",1 (1486 g),1,"['Place bread onto a flat surface. Use a rolling pin to flatten bread slightly. Spread corn over 4 slices, leaving a 2cm strip free of filling along 1 edge. Top with ham, carrot and cucumber. Roll up to enclose filling. Cut each sandwich into 3 rounds.', 'Place salmon and mayonnaise into a bowl. Mix gently to combine. Arrange lettuce over remaining 4 slices of bread, leaving a 2cm strip free of filling along 1 edge. Top with salmon mixture and avocado. Roll up to enclose filling. Cut each sandwich into 3 rounds.', 'Wrap all sandwiches in plastic wrap. Store in the fridge until ready to pack into lunch boxes.']","sandwich, low-calorie, lunch, healthy, low-carb",lunch,1899,78.3,102.7,5.408109371,4.12322291,32.41,97.72,30.55
